r_000001_00_2Wct_0692_0177_27.08.jpg,0,8,17,19,14
r_000001_00_3Wct_0692_0177_34.83.jpg,0,8,17,5,14
r_000003_00_0Wct_0734_0180_28.48.jpg,0,8,5,14,17
r_000009_00_2Wct_0812_0163_9.59.jpg,0,9,8,2,13
r_000011_00_2Wct_0838_0169_5.1.jpg,0,5,8,25,3
r_000011_00_3Wct_0838_0169_17.41.jpg,0,8,25,5,17
r_000013_00_3Wct_0865_0181_11.54.jpg,0,8,25,5,17
r_000016_00_1Wct_0914_0204_6.05.jpg,0,8,5,26,14
r_000016_00_2Wct_0914_0204_-5.92.jpg,0,5,25,14,3
r_000017_00_2Wct_0936_0204_-6.05.jpg,0,5,3,8,25
r_000020_00_0Wct_1006_0202_0.34.jpg,0,8,5,3,25
r_000001_01_1Bct_0341_0187_31.58.jpg,26,14,16,5,20
r_000002_01_0Bct_0339_0180_19.31.jpg,26,16,14,5,7
r_000004_01_4Bct_0393_0153_0.75.jpg,16,14,26,6,24
r_000005_01_1Bct_0410_0152_11.28.jpg,26,16,14,27,5
r_000005_01_4Bct_0410_0152_0.0.jpg,26,16,14,7,5
r_000010_01_1Bct_0618_0116_-4.35.jpg,26,5,16,24,14
r_000011_01_1Bct_0675_0118_-5.28.jpg,26,5,8,18,16
r_000013_01_2Bct_0800_0110_-8.37.jpg,26,24,16,5,10
r_000005_00_2Wct_0414_0196_19.38.jpg,1,11,14,2,20
r_000009_00_4Wct_0418_0215_25.78.jpg,1,14,11,8,2
r_000011_00_1Wct_0417_0211_35.3.jpg,1,11,27,24,14
r_000013_00_3Wct_0414_0210_33.66.jpg,1,24,11,20,17
r_000014_00_1Wct_0410_0208_32.62.jpg,1,11,20,15,2
r_000014_00_3Wct_0410_0208_31.17.jpg,1,20,11,22,24
r_000016_00_1Wct_0409_0212_32.8.jpg,1,24,22,2,11
r_000018_00_1Wct_0407_0210_32.23.jpg,1,14,5,11,20
r_000019_00_0Wct_0411_0213_26.7.jpg,1,14,20,22,11
r_000020_00_0Wct_0416_0212_25.55.jpg,1,11,20,14,2
r_000021_00_4Wct_0430_0219_17.29.jpg,1,20,11,3,2
r_000022_00_0Wct_0450_0227_22.8.jpg,1,14,11,15,20
r_000001_00_4Wct_0937_0391_30.46.jpg,18,5,10,26,13
r_000004_00_4Wct_0942_0394_34.59.jpg,18,5,3,26,4
r_000007_00_1Wct_0938_0391_42.13.jpg,18,4,26,3,0
r_000007_00_3Wct_0938_0391_41.23.jpg,18,26,4,3,0
r_000012_00_2Wct_0943_0394_31.87.jpg,18,10,3,5,4
r_000015_00_3Wct_0945_0400_38.21.jpg,18,5,4,3,26
r_000017_00_1Wct_0951_0400_38.81.jpg,18,5,4,3,26
r_000018_00_2Wct_0946_0398_27.1.jpg,18,5,10,26,20
r_000022_00_0Wct_0948_0399_33.46.jpg,18,5,4,8,26
r_000026_00_1Wct_0948_0398_37.4.jpg,18,5,3,4,13
r_000003_00_4Wct_0932_0168_-10.94.jpg,2,9,20,12,22
r_000006_01_0Wct_0918_0162_-4.47.jpg,2,9,20,8,22
r_000010_00_0Wct_0920_0154_-5.79.jpg,2,9,20,12,22
r_000011_00_4Wct_0921_0153_-10.15.jpg,2,9,20,12,8
r_000015_00_1Wct_0923_0155_1.49.jpg,2,9,12,20,11
r_000015_00_2Wct_0923_0155_-10.89.jpg,2,9,20,13,12
r_000016_00_4Wct_0925_0153_-11.28.jpg,2,9,20,12,13
r_000018_00_4Wct_0903_0145_-15.72.jpg,2,9,20,22,26
r_000020_01_4Wct_0884_0125_-17.22.jpg,9,2,13,20,12
r_000003_00_2Wct_0246_0175_6.05.jpg,14,5,27,24,16
r_000004_00_3Wct_0316_0163_14.88.jpg,14,24,5,27,16
r_000008_00_1Wct_0561_0172_5.64.jpg,14,5,12,11,27
r_000009_00_3Wct_0619_0166_2.12.jpg,14,5,27,16,11
r_000016_00_1Wct_0266_0248_11.7.jpg,14,11,12,24,5
r_000017_00_1Wct_0341_0245_8.88.jpg,24,14,11,1,10
r_000018_00_0Wct_0413_0234_-0.63.jpg,14,24,5,11,12
r_000018_00_1Wct_0413_0234_3.43.jpg,14,5,24,11,12
r_000002_01_3Wct_0683_0423_24.27.jpg,3,4,22,11,19
r_000004_00_2Wct_0749_0452_8.37.jpg,3,4,22,17,5
r_000014_01_0Wct_0767_0528_10.49.jpg,3,4,17,19,7
r_000015_01_4Wct_0774_0524_9.23.jpg,3,4,16,26,5
r_000019_01_3Wct_0886_0558_14.34.jpg,3,4,17,7,11
r_000020_00_0Wct_0929_0566_7.85.jpg,3,4,19,7,12
r_000021_00_0Wct_0961_0562_7.05.jpg,3,4,7,8,17
r_000022_00_0Wct_0996_0557_0.57.jpg,3,4,12,18,26
r_000023_00_3Wct_1000_0549_1.38.jpg,3,4,7,13,5
r_000026_00_1Wct_1002_0536_0.2.jpg,3,4,14,19,7
r_000026_00_3Wct_1002_0536_-1.14.jpg,3,4,17,19,7
r_000013_00_4Bct_0330_0233_-2.71.jpg,24,16,27,14,5
r_000014_00_1Bct_0382_0228_8.3.jpg,14,16,24,27,26
r_000016_00_3Bct_0532_0237_0.46.jpg,16,24,1,27,11
r_000018_00_1Dct_0700_0242_5.8.jpg,27,16,11,14,24
r_000019_00_4Dct_0790_0229_-6.09.jpg,27,16,24,11,1
r_000020_00_1Bct_0861_0207_-1.77.jpg,16,27,24,14,20
r_000005_01_1Wct_0782_0111_13.91.jpg,2,9,13,6,23
r_000006_00_0Wct_0777_0110_7.51.jpg,9,2,13,20,6
r_000007_01_4Wct_0775_0112_6.06.jpg,9,2,13,20,6
r_000012_00_1Wct_0762_0107_11.17.jpg,2,9,20,13,22
r_000004_00_0Wct_0289_0215_4.35.jpg,5,20,11,25,14
r_000004_00_2Wct_0289_0215_-0.25.jpg,5,20,27,11,14
r_000006_00_3Wct_0398_0235_4.43.jpg,5,25,11,20,13
r_000008_00_2Wct_0515_0225_-11.33.jpg,5,25,11,3,20
r_000011_00_1Wct_0661_0169_-13.58.jpg,5,11,4,25,13
r_000002_00_2Dct_0381_0218_-23.35.jpg,27,14,11,20,5
r_000002_00_3Dct_0381_0218_-16.48.jpg,27,11,14,20,5
r_000005_00_4Bct_0541_0184_-24.28.jpg,27,11,24,20,1
r_000007_00_3Dct_0626_0142_-13.14.jpg,20,27,11,24,15
r_000001_00_1Wct_0767_0180_27.57.jpg,11,14,16,15,27
r_000003_00_4Wct_0840_0219_10.27.jpg,11,25,14,7,16
r_000004_00_4Wct_0868_0241_9.68.jpg,16,6,14,15,7
r_000007_00_3Wct_0899_0288_22.61.jpg,16,1,22,6,11
r_000007_00_4Wct_0899_0288_12.27.jpg,16,1,6,15,7
r_000010_00_2Wct_0952_0300_14.15.jpg,1,16,11,6,7
r_000012_00_1Wct_1009_0296_21.43.jpg,14,16,1,11,27
r_000000_00_1Wct_0968_0552_3.98.jpg,4,3,9,13,2
r_000001_00_4Wct_0952_0543_-5.07.jpg,3,4,18,26,8
r_000003_00_2Wct_0954_0522_-6.71.jpg,4,3,26,9,13
r_000003_00_3Wct_0954_0522_0.55.jpg,4,3,26,18,15
r_000008_00_0Wct_0867_0555_-2.81.jpg,4,3,17,13,2
r_000011_01_1Wct_0794_0519_-6.28.jpg,4,3,26,12,22
r_000013_00_0Wct_0781_0532_-21.43.jpg,4,3,2,9,17
r_000017_00_0Wct_0771_0565_-20.91.jpg,4,3,13,15,17
r_000018_00_4Wct_0768_0563_-26.3.jpg,4,3,17,2,8
r_000019_00_2Wct_0772_0558_-26.87.jpg,4,3,2,15,9
r_000019_00_3Wct_0772_0558_-16.31.jpg,4,3,2,9,13
r_000023_00_4Wct_0800_0522_-29.79.jpg,4,3,13,2,15
r_000026_00_2Wct_0832_0475_-36.88.jpg,4,3,25,0,11
r_000016_00_1Bct_0692_0243_28.2.jpg,16,14,1,11,7
r_000017_00_3Bct_0738_0258_24.6.jpg,16,14,27,11,1
r_000018_00_2Bct_0770_0254_11.25.jpg,16,14,1,11,27
r_000020_00_4Bct_0856_0248_-0.19.jpg,16,14,11,6,1
r_000022_00_2Bct_0916_0266_-9.6.jpg,16,14,11,1,6
r_000025_00_4Bct_1032_0255_-14.41.jpg,16,14,1,11,27
r_000002_01_1Wct_0595_0414_-10.57.jpg,17,12,2,5,22
r_000002_01_2Wct_0595_0414_-21.58.jpg,17,27,12,3,11
r_000003_01_3Wct_0652_0396_-14.42.jpg,17,22,14,12,24
r_000004_01_1Wct_0723_0391_-13.24.jpg,22,24,2,17,12
r_000009_01_0Wct_0975_0317_-19.82.jpg,10,5,12,27,11
r_000008_00_0Wct_0745_0344_21.31.jpg,5,24,12,14,20
r_000008_00_2Wct_0745_0344_16.37.jpg,12,5,20,2,10
r_000009_00_0Wct_0818_0367_17.88.jpg,12,5,2,24,9
r_000011_00_3Wct_0975_0422_16.04.jpg,10,5,12,9,2
r_000016_00_1Wct_0471_0372_-2.94.jpg,1,5,12,2,10
r_000016_00_2Wct_0471_0372_-12.74.jpg,5,12,11,25,2
r_000017_00_2Wct_0552_0373_-15.59.jpg,5,12,11,20,10
r_000018_00_3Wct_0613_0377_-3.5.jpg,12,5,11,3,2
r_000020_00_3Wct_0760_0342_-0.25.jpg,12,5,11,10,2
r_000024_00_2Wct_1021_0283_-26.45.jpg,12,10,13,20,11
r_000006_00_1Wct_0803_0151_25.94.jpg,25,11,5,20,13
r_000006_00_2Wct_0803_0151_16.54.jpg,5,25,20,11,13
r_000007_00_4Wct_0861_0163_13.05.jpg,25,5,20,13,11
r_000014_00_4Wct_1052_0233_12.89.jpg,13,20,25,10,19
r_000004_00_1Bct_0334_0199_-5.61.jpg,27,14,1,20,16
r_000004_00_3Bct_0334_0199_-4.37.jpg,14,27,1,25,7
r_000005_00_4Bct_0380_0178_-12.76.jpg,14,16,27,24,7
r_000014_00_3Bct_0456_0245_-10.89.jpg,26,14,5,20,16
r_000015_00_2Bct_0531_0229_-26.77.jpg,26,14,16,6,24
r_000016_00_2Bct_0602_0212_-28.97.jpg,24,26,6,1,2
r_000018_00_2Bct_0731_0187_-27.95.jpg,26,16,14,24,7
r_000009_00_0Bct_0263_0342_0.0.jpg,16,26,14,1,24
r_000010_00_4Bct_0326_0344_-4.08.jpg,14,16,1,24,7
r_000015_00_0Bct_0695_0320_-9.17.jpg,14,1,16,24,6
r_000015_00_4Bct_0695_0320_-11.75.jpg,14,16,6,24,1
r_000016_00_2Bct_0771_0315_-17.69.jpg,14,16,24,20,6
r_000020_00_1Bct_1053_0226_-14.76.jpg,14,18,16,26,25
r_000012_00_1Wct_0253_0138_-7.52.jpg,14,24,26,5,27
r_000014_00_2Dct_0352_0147_-22.89.jpg,24,14,26,5,20
r_000014_00_4Dct_0352_0147_-19.42.jpg,24,26,14,5,20
r_000024_00_3Bct_0502_0153_7.86.jpg,26,5,20,9,2
r_000006_00_1Wct_0456_0303_-7.28.jpg,20,11,24,22,2
r_000006_00_4Wct_0456_0303_-13.55.jpg,20,11,24,2,22
r_000008_00_2Wct_0591_0293_-15.9.jpg,20,24,11,12,22
r_000009_00_0Wct_0659_0286_-8.77.jpg,24,20,1,11,2
r_000009_00_1Wct_0659_0286_-2.79.jpg,24,11,20,1,2
r_000010_00_4Wct_0721_0277_-12.75.jpg,20,11,24,1,2
r_000000_00_2Tct_0591_0193_30.71.jpg,16,20,27,26,24
r_000000_00_4Tct_0591_0193_34.34.jpg,16,26,20,27,14
r_000004_00_2Bct_0803_0280_-3.21.jpg,16,14,20,27,1
r_000005_00_3Bct_0842_0272_1.9.jpg,27,16,14,20,1
r_000009_00_4Bct_1044_0194_-34.48.jpg,27,20,15,14,12
r_000004_00_0Wct_0316_0230_12.26.jpg,5,14,27,16,11
r_000004_00_4Wct_0316_0230_6.35.jpg,5,14,27,12,16
r_000005_00_0Wct_0379_0222_9.51.jpg,5,14,27,12,16
r_000006_00_0Wct_0436_0224_6.19.jpg,5,12,14,20,3
r_000008_00_3Wct_0567_0242_5.49.jpg,5,14,12,20,27
r_000014_00_4Wct_0861_0221_-7.77.jpg,5,20,14,12,9
r_000016_00_2Wct_0977_0208_-19.18.jpg,5,12,27,14,20
r_000001_00_3Wct_0278_0287_-6.26.jpg,5,11,25,20,3
r_000002_00_1Wct_0330_0285_-2.88.jpg,11,5,3,25,20
r_000002_00_4Wct_0330_0285_-13.74.jpg,5,20,3,11,15
r_000007_00_4Wct_0571_0193_-24.34.jpg,13,3,11,20,4
r_000009_00_2Wct_0652_0175_-27.14.jpg,5,11,3,25,27
r_000012_00_2Wct_0784_0132_-21.22.jpg,19,20,11,13,3
r_000010_01_3Wct_0426_0129_-8.51.jpg,5,25,18,12,11
r_000013_00_1Wct_0716_0118_0.39.jpg,18,20,5,13,11
r_000015_00_2Wct_0909_0150_-8.26.jpg,10,18,5,12,20
r_000017_00_3Wct_1002_0175_2.4.jpg,18,10,13,12,20
r_000018_00_0Wct_1046_0176_1.55.jpg,13,20,10,11,5
r_000020_00_1Wct_0677_0167_32.0.jpg,12,10,24,16,22
r_000020_00_2Wct_0677_0167_21.39.jpg,3,10,22,20,5
r_000020_00_3Wct_0677_0167_31.97.jpg,12,10,22,24,16
r_000020_00_4Wct_0677_0167_22.97.jpg,22,2,10,16,20
r_000021_00_0Wct_0713_0175_19.25.jpg,20,10,24,2,13
r_000021_00_1Wct_0713_0175_23.78.jpg,13,20,24,6,22
r_000021_00_2Wct_0713_0175_13.8.jpg,2,9,20,5,10
r_000024_00_4Wct_0757_0191_15.49.jpg,10,12,3,22,6
r_000004_00_4Dct_0842_0121_1.86.jpg,6,16,21,22,7
r_000006_00_0Dct_0844_0117_2.75.jpg,6,22,16,26,11
r_000009_00_0Dct_0836_0115_1.26.jpg,6,16,22,21,24
r_000011_00_0Bct_0830_0112_1.15.jpg,6,12,21,16,4
r_000014_00_0Bct_0836_0114_0.86.jpg,6,21,16,7,4
r_000017_00_0Bct_0845_0115_-0.52.jpg,6,21,16,18,7
r_000017_00_2Bct_0845_0115_-5.44.jpg,6,7,21,16,4
r_000019_00_4Bct_0846_0112_-2.43.jpg,6,7,16,21,18
r_000020_00_3Bct_0844_0112_2.33.jpg,6,16,7,21,1
r_000021_00_1Bct_0846_0111_3.11.jpg,6,16,21,1,22
r_000022_00_2Bct_0852_0110_-6.29.jpg,6,16,21,22,7
r_000024_00_2Bct_0850_0117_-5.78.jpg,6,21,16,7,4
r_000011_00_4Wct_0300_0174_35.97.jpg,7,17,14,26,15
r_000013_00_0Wct_0317_0181_39.94.jpg,7,17,26,16,25
r_000013_00_3Wct_0317_0181_45.99.jpg,7,26,17,27,13
r_000017_00_0Wct_0420_0211_24.18.jpg,7,17,25,19,6
r_000019_00_2Wct_0477_0265_15.64.jpg,7,17,25,14,2
r_000023_00_1Wct_0678_0312_12.97.jpg,7,17,25,20,11
r_000023_00_3Wct_0678_0312_9.66.jpg,7,17,25,6,14
r_000024_00_0Wct_0731_0309_4.13.jpg,7,25,17,14,6
r_000026_00_1Wct_0839_0327_3.01.jpg,7,14,11,20,25
r_000009_00_3Bct_0311_0269_-8.64.jpg,14,27,16,20,5
r_000010_00_1Bct_0369_0259_-6.85.jpg,14,16,5,26,27
r_000011_00_3Bct_0424_0261_-8.27.jpg,14,27,16,24,20
r_000016_00_3Bct_0767_0180_-18.94.jpg,24,27,14,20,1
r_000017_00_3Bct_0823_0160_-15.57.jpg,24,14,21,27,26
r_000005_00_0Wct_0423_0296_3.5.jpg,25,5,3,11,20
r_000006_00_2Wct_0498_0292_-4.03.jpg,5,3,25,11,17
r_000008_00_3Wct_0653_0275_-5.54.jpg,25,3,5,20,11
r_000009_00_3Wct_0721_0250_-8.08.jpg,13,25,20,23,3
r_000012_00_1Wct_0928_0209_-17.06.jpg,13,23,25,20,3
r_000002_00_2Wct_0726_0352_-4.29.jpg,25,23,11,13,3
r_000002_00_3Wct_0726_0352_6.57.jpg,25,13,11,23,3
r_000006_00_0Wct_1041_0343_-1.49.jpg,25,23,13,11,21
r_000005_00_4Tct_0261_0221_-15.02.jpg,14,16,15,7,1
r_000007_00_1Tct_0268_0216_-1.66.jpg,14,16,15,26,1
r_000008_00_1Tct_0261_0214_0.11.jpg,14,16,26,1,7
r_000012_00_0Tct_0273_0203_1.49.jpg,14,16,26,15,1
r_000013_00_0Tct_0285_0203_2.23.jpg,16,14,15,1,26
r_000014_00_3Tct_0291_0197_5.48.jpg,16,14,7,1,15
r_000014_00_4Tct_0291_0197_-0.92.jpg,16,14,1,15,7
r_000017_00_2Tct_0317_0183_-11.8.jpg,16,14,15,6,7
r_000018_00_3Tct_0341_0178_-9.17.jpg,16,14,15,7,26
r_000019_00_0Tct_0358_0179_-12.55.jpg,14,16,15,7,1
r_000020_00_3Tct_0372_0182_-11.92.jpg,14,16,1,15,7
r_000021_00_3Tct_0381_0186_-6.73.jpg,14,16,7,15,1
r_000004_00_0Bct_0842_0313_12.49.jpg,14,1,16,11,7
r_000004_00_2Bct_0842_0313_6.42.jpg,14,16,1,7,6
r_000005_00_1Bct_0874_0310_16.31.jpg,14,16,12,27,1
r_000005_00_2Bct_0874_0310_5.78.jpg,14,16,1,7,11
r_000017_00_3Wct_0421_0208_-1.75.jpg,8,17,1,0,7
r_000018_00_3Wct_0453_0190_-0.82.jpg,8,0,17,5,25
r_000019_00_4Wct_0475_0178_-12.52.jpg,8,17,0,25,18
r_000020_00_3Wct_0498_0170_-9.99.jpg,8,17,25,7,18
r_000021_00_3Wct_0528_0164_-13.43.jpg,8,17,25,0,10
r_000023_00_3Wct_0598_0176_-20.37.jpg,8,17,18,1,7
r_000026_00_3Wct_0727_0160_-7.97.jpg,8,18,10,12,3
r_000027_00_3Wct_0767_0141_-11.37.jpg,8,18,2,9,21
r_000000_00_1Tct_0477_0177_1.76.jpg,14,16,7,15,27
r_000003_00_3Tct_0637_0158_-7.56.jpg,14,16,15,1,7
r_000005_00_0Tct_0752_0159_-8.02.jpg,14,26,16,20,5
r_000008_00_1Tct_0903_0131_-0.08.jpg,14,16,24,26,7
r_000010_00_3Tct_1029_0129_-2.6.jpg,14,26,24,7,1
r_000011_01_4Wct_0932_0107_4.15.jpg,9,2,20,23,19
r_000014_00_0Wct_0936_0162_-5.9.jpg,9,2,20,13,12
r_000014_00_1Wct_0936_0162_-1.49.jpg,9,2,20,13,12
r_000017_00_4Wct_0930_0159_-11.23.jpg,9,2,20,13,4
r_000018_00_0Wct_0928_0158_-5.96.jpg,9,2,20,13,4
r_000022_00_4Wct_0925_0157_-12.12.jpg,2,9,20,13,22
r_000025_00_0Wct_0933_0162_-2.98.jpg,2,9,20,12,22
r_000009_00_2Wct_0796_0358_-25.56.jpg,12,5,25,10,11
r_000009_00_3Wct_0796_0358_-14.93.jpg,12,10,5,11,8
r_000011_00_2Wct_1007_0299_-33.35.jpg,12,5,18,13,25
r_000002_00_1Bct_0638_0313_25.97.jpg,16,14,27,24,11
r_000003_00_2Dct_0745_0350_15.25.jpg,16,24,1,14,15
r_000005_00_0Bct_0937_0428_18.91.jpg,16,24,14,27,1
r_000007_01_3Wct_0314_0414_2.83.jpg,20,13,5,11,14
r_000011_00_3Wct_0581_0403_-15.19.jpg,20,25,11,13,5
r_000012_00_0Wct_0658_0392_-16.96.jpg,13,20,11,5,25
r_000014_00_4Wct_0784_0386_-15.41.jpg,13,20,25,5,11
r_000017_01_1Wct_0967_0359_-0.21.jpg,13,25,20,26,3
r_000017_01_4Wct_0967_0359_-10.25.jpg,13,25,20,5,10
r_000000_01_0Wct_0914_0170_-23.49.jpg,10,20,5,14,12
r_000001_01_0Wct_0914_0169_-23.55.jpg,10,20,14,12,5
r_000001_01_1Wct_0914_0169_-19.42.jpg,10,20,25,14,18
r_000002_01_4Wct_0912_0170_-25.03.jpg,10,20,25,5,14
r_000010_01_3Wct_0911_0166_-20.96.jpg,10,20,25,18,13
r_000013_01_0Wct_0909_0169_-23.72.jpg,10,20,25,5,17
r_000020_00_1Wct_0913_0167_-19.55.jpg,10,20,14,25,12
r_000023_00_2Wct_0914_0165_-29.8.jpg,10,17,12,3,20
r_000011_00_4Wct_0285_0161_-1.74.jpg,18,7,11,1,5
r_000015_00_0Wct_0515_0180_8.19.jpg,5,16,26,18,3
r_000017_00_0Wct_0630_0236_13.01.jpg,5,24,11,16,7
r_000020_00_2Wct_0835_0306_12.11.jpg,5,11,12,25,18
r_000021_00_0Wct_0918_0346_19.31.jpg,5,12,24,11,20
r_000022_00_2Wct_0994_0391_8.79.jpg,5,12,20,11,18
r_000005_00_2Wct_0357_0240_-10.52.jpg,25,11,5,0,1
r_000008_00_3Wct_0566_0216_-2.08.jpg,23,25,11,21,5
r_000009_00_2Wct_0671_0211_-14.66.jpg,25,11,23,21,13
r_000010_00_0Wct_0774_0232_-9.97.jpg,21,23,25,11,13
r_000008_00_4Wct_0498_0165_18.73.jpg,26,2,9,5,20
r_000009_00_3Wct_0521_0166_26.99.jpg,26,2,1,20,9
r_000011_00_3Wct_0577_0163_22.02.jpg,2,9,26,20,1
r_000012_00_2Wct_0607_0154_5.08.jpg,2,26,9,5,20
r_000013_00_0Wct_0646_0159_0.69.jpg,2,9,1,5,26
r_000016_00_0Wct_0735_0160_-14.21.jpg,1,26,2,9,5
r_000017_00_3Wct_0760_0160_-12.64.jpg,1,2,9,22,5
r_000004_00_0Wct_0272_0224_-17.25.jpg,14,5,20,16,24
r_000005_00_1Wct_0333_0201_-15.47.jpg,14,24,20,7,5
r_000005_00_4Wct_0333_0201_-24.27.jpg,14,5,7,24,11
r_000010_00_3Wct_0651_0155_-22.72.jpg,14,6,5,9,7
r_000001_00_2Wct_0434_0461_-15.89.jpg,11,14,27,5,12
r_000005_00_2Wct_0626_0419_-15.77.jpg,11,14,27,16,25
r_000006_00_0Wct_0660_0401_-13.35.jpg,11,14,20,27,24
r_000007_00_0Wct_0712_0389_-16.39.jpg,11,27,25,24,20
r_000009_00_3Wct_0835_0383_-16.34.jpg,11,25,27,12,0
r_000011_00_2Wct_0917_0364_-22.58.jpg,11,27,25,12,5
r_000013_00_0Wct_0980_0317_-16.62.jpg,11,25,27,13,10
r_000008_00_3Bct_0648_0240_18.54.jpg,24,11,5,2,16
r_000009_00_3Bct_0746_0279_20.3.jpg,24,20,22,5,2
r_000011_00_1Bct_0923_0325_10.5.jpg,24,27,14,20,5
r_000011_00_2Bct_0923_0325_-0.81.jpg,24,14,27,20,0
r_000012_00_3Bct_0971_0350_5.73.jpg,27,24,22,14,20
r_000016_01_3Bct_1038_0405_-8.51.jpg,9,2,26,20,4
r_000006_00_0Wct_0307_0232_-0.17.jpg,12,14,5,11,27
r_000006_00_1Wct_0307_0232_6.65.jpg,12,14,5,18,16
r_000006_00_3Wct_0307_0232_6.68.jpg,12,14,5,18,16
r_000006_00_4Wct_0307_0232_-1.55.jpg,12,14,5,27,11
r_000010_00_4Wct_0583_0246_-9.45.jpg,12,10,18,22,3
r_000011_01_2Wct_0653_0227_-13.77.jpg,12,5,18,25,11
r_000016_00_4Wct_0911_0194_-30.05.jpg,12,3,5,18,4
r_000017_00_3Wct_0936_0191_-21.4.jpg,12,3,18,5,10
r_000022_00_0Wct_0986_0158_-19.6.jpg,12,5,10,8,18
r_000025_00_3Wct_0985_0142_-16.13.jpg,12,10,5,18,2
r_000004_00_0Wct_0618_0157_24.06.jpg,24,27,20,11,2
r_000005_00_2Wct_0682_0185_13.24.jpg,24,20,1,27,11
r_000007_00_4Wct_0809_0217_7.58.jpg,20,13,25,5,16
r_000009_00_4Wct_0917_0217_-2.51.jpg,20,13,9,25,5
r_000011_00_4Dct_0254_0161_-4.93.jpg,26,5,16,14,27
r_000017_00_1Dct_0602_0141_6.49.jpg,16,26,5,14,11
r_000017_00_3Dct_0602_0141_3.4.jpg,16,26,14,5,20
r_000017_00_4Dct_0602_0141_-5.78.jpg,5,14,20,26,16
r_000018_00_0Dct_0663_0130_-0.74.jpg,20,14,5,11,7
r_000021_00_2Dct_0849_0124_-8.07.jpg,16,26,14,5,27
r_000023_00_1Dct_0972_0141_10.65.jpg,14,16,5,20,26
r_000019_00_2Tct_0240_0205_-3.76.jpg,14,16,26,6,7
r_000020_00_0Tct_0275_0207_-1.43.jpg,16,14,6,15,11
r_000023_00_1Tct_0392_0234_2.62.jpg,16,14,1,7,24
r_000025_00_1Tct_0478_0245_7.23.jpg,16,6,24,14,1
r_000001_00_1Wct_0754_0110_-3.76.jpg,13,20,3,25,23
r_000003_00_3Wct_0831_0115_-3.57.jpg,13,3,20,26,25
r_000003_00_4Wct_0831_0115_-11.93.jpg,13,20,26,3,25
r_000010_00_2Wct_0940_0110_-11.1.jpg,13,20,3,26,23
r_000018_00_0Wct_0942_0120_-9.0.jpg,13,26,25,20,4
r_000019_00_0Wct_0944_0120_-9.34.jpg,13,25,20,26,4
r_000019_00_1Wct_0944_0120_-4.29.jpg,13,25,20,26,6
r_000019_00_4Wct_0944_0120_-13.76.jpg,13,26,25,20,3
r_000009_00_2Bct_0344_0290_-3.89.jpg,14,26,20,5,9
r_000014_00_3Bct_0653_0283_-3.93.jpg,24,20,14,1,16
r_000016_00_3Bct_0769_0267_-5.42.jpg,24,14,1,20,26
r_000017_00_0Bct_0797_0253_-13.29.jpg,24,14,20,26,1
r_000019_00_1Bct_0898_0190_-15.24.jpg,20,23,9,2,24
r_000020_00_0Bct_0935_0179_-22.29.jpg,20,24,9,1,2
r_000021_00_3Bct_0984_0166_-20.09.jpg,20,23,24,9,2
r_000012_00_1Wct_0329_0236_13.74.jpg,12,25,11,19,23
r_000013_00_4Wct_0420_0242_3.11.jpg,25,21,12,19,23
r_000015_00_4Wct_0598_0284_9.01.jpg,23,25,12,21,19
r_000017_00_0Wct_0792_0315_14.44.jpg,25,23,21,12,11
r_000017_00_1Wct_0792_0315_18.47.jpg,25,12,23,19,21
r_000014_01_1Bct_0330_0313_-25.8.jpg,14,27,24,5,20
r_000014_01_4Bct_0330_0313_-35.22.jpg,14,24,5,27,20
r_000015_01_2Bct_0356_0310_-35.06.jpg,14,24,7,5,27
r_000020_00_2Bct_0522_0248_-24.71.jpg,14,11,27,5,20
r_000023_00_2Bct_0641_0202_-31.9.jpg,14,11,20,27,24
r_000024_00_2Bct_0696_0195_-31.9.jpg,14,11,20,27,24
r_000024_00_3Bct_0696_0195_-24.99.jpg,14,11,20,24,6
r_000024_00_4Bct_0696_0195_-33.65.jpg,14,20,27,11,5
r_000003_00_4Wct_0260_0221_9.64.jpg,17,7,25,8,14
r_000005_00_2Wct_0374_0274_8.91.jpg,17,10,5,12,8
r_000009_00_2Wct_0648_0274_-8.94.jpg,10,17,8,2,25
r_000009_00_3Wct_0648_0274_-3.21.jpg,17,2,8,10,9
r_000010_00_2Wct_0692_0268_-12.1.jpg,17,8,10,2,25
r_000015_00_2Wct_1011_0185_-29.83.jpg,10,25,7,5,17
r_000001_00_3Bct_0281_0161_10.16.jpg,15,20,2,8,23
r_000002_00_2Bct_0275_0163_-0.17.jpg,15,6,20,22,8
r_000004_00_3Dct_0296_0162_11.42.jpg,15,16,23,8,2
r_000006_00_2Dct_0302_0164_3.22.jpg,15,6,8,2,21
r_000008_00_4Dct_0291_0176_1.65.jpg,15,6,16,26,7
r_000010_01_4Dct_0267_0183_4.36.jpg,15,26,21,6,8
r_000013_00_0Dct_0274_0188_7.91.jpg,15,6,23,2,8
r_000013_00_3Dct_0274_0188_9.19.jpg,15,6,16,8,23
r_000015_01_3Bct_0273_0193_14.85.jpg,15,6,16,21,7
r_000020_00_4Dct_0268_0200_5.74.jpg,15,16,6,21,7
r_000023_00_3Bct_0266_0200_12.9.jpg,15,20,16,21,23
r_000010_00_3Bct_0734_0201_33.47.jpg,14,26,20,16,5
r_000011_00_3Bct_0773_0226_32.38.jpg,14,20,16,9,26
r_000012_00_2Bct_0839_0242_12.59.jpg,14,26,20,5,9
r_000013_00_0Wct_0698_0298_19.14.jpg,20,2,13,11,22
r_000015_00_3Wct_0827_0296_15.87.jpg,2,13,9,20,11
r_000015_00_4Wct_0827_0296_7.49.jpg,13,20,2,9,5
r_000017_00_0Wct_0949_0276_-1.89.jpg,13,20,5,11,9
r_000012_00_1Bct_0400_0185_38.74.jpg,16,24,26,6,11
r_000012_00_2Bct_0400_0185_27.15.jpg,16,24,6,26,11
r_000012_00_3Bct_0400_0185_39.46.jpg,16,11,24,21,1
r_000012_00_4Bct_0400_0185_31.17.jpg,16,24,6,26,11
r_000015_00_4Bct_0490_0213_27.64.jpg,16,24,1,6,26
r_000018_00_4Bct_0540_0198_13.67.jpg,16,6,26,24,1
r_000025_00_4Bct_0613_0215_-6.68.jpg,16,6,14,1,15
r_000001_00_0Wct_0389_0396_7.22.jpg,25,23,19,24,21
r_000002_00_1Wct_0425_0421_12.78.jpg,25,23,21,11,19
r_000004_00_4Wct_0520_0465_8.17.jpg,23,25,21,13,1
r_000005_00_3Wct_0579_0470_19.26.jpg,25,23,1,21,19
r_000009_00_4Wct_0811_0518_1.27.jpg,25,23,19,21,4
r_000011_00_2Wct_0919_0556_3.74.jpg,25,23,19,21,4
r_000013_00_4Wct_1037_0552_7.46.jpg,25,23,0,10,11
r_000019_00_3Bct_0253_0423_1.77.jpg,20,14,13,5,23
r_000021_00_3Bct_0378_0450_5.21.jpg,14,24,16,26,5
r_000021_00_4Bct_0378_0450_-1.94.jpg,24,16,26,5,14
r_000024_00_2Bct_0558_0412_-9.82.jpg,24,22,20,2,1
r_000004_00_4Wct_0522_0194_20.22.jpg,14,11,17,24,16
r_000006_00_1Wct_0621_0225_34.37.jpg,14,17,24,11,22
r_000009_00_1Wct_0786_0243_18.08.jpg,14,5,0,11,25
r_000010_00_1Wct_0848_0265_12.69.jpg,5,14,11,0,16
r_000012_00_4Wct_0955_0310_-1.77.jpg,27,14,5,0,11
r_000013_00_4Wct_1006_0318_0.49.jpg,14,5,11,16,0
r_000000_00_1Tct_0895_0176_3.74.jpg,26,14,20,9,5
r_000002_00_0Tct_0951_0152_-15.53.jpg,26,14,16,6,9
r_000008_00_3Tct_1037_0162_-21.03.jpg,26,20,14,9,1
r_000009_00_1Tct_1058_0156_-14.47.jpg,26,20,9,1,14
r_000009_00_2Tct_1058_0156_-25.44.jpg,26,20,9,14,1
r_000009_00_1Wct_0253_0157_6.87.jpg,23,25,21,13,19
r_000009_00_4Wct_0253_0157_-5.15.jpg,23,25,21,13,1
r_000011_00_3Wct_0337_0129_-2.36.jpg,23,25,21,0,13
r_000013_00_2Wct_0423_0130_-19.59.jpg,23,25,21,13,19
r_000018_00_3Wct_0588_0119_-0.54.jpg,23,21,25,13,1
r_000011_00_0Bct_0643_0147_18.05.jpg,24,26,2,9,22
r_000013_00_3Bct_0753_0189_16.29.jpg,24,16,22,26,1
r_000014_00_2Bct_0810_0198_3.76.jpg,20,22,2,24,26
r_000019_00_0Bct_1051_0168_-12.78.jpg,24,2,1,9,26
r_000008_01_0Wct_0233_0219_50.48.jpg,17,7,2,3,10
r_000012_01_1Wct_0206_0233_61.7.jpg,17,3,4,27,22
r_000013_01_4Wct_0202_0230_52.03.jpg,17,3,12,7,22
r_000020_01_3Wct_0240_0253_44.38.jpg,17,3,12,7,10
r_000021_01_4Wct_0247_0256_38.13.jpg,17,3,2,12,14
r_000022_01_3Wct_0269_0264_38.36.jpg,17,3,22,7,2
r_000023_01_0Wct_0304_0266_30.02.jpg,17,3,4,22,2
r_000025_00_4Wct_0382_0226_9.85.jpg,17,3,7,5,22
r_000000_01_1Wct_0487_0125_-4.18.jpg,21,12,8,15,18
r_000004_01_0Wct_0518_0130_-7.28.jpg,12,21,23,19,8
r_000004_01_1Wct_0518_0130_-0.6.jpg,12,21,19,23,1
r_000004_01_2Wct_0518_0130_-13.03.jpg,12,19,21,23,8
r_000008_00_2Wct_0748_0187_31.53.jpg,18,5,3,8,0
r_000009_00_0Wct_0783_0236_37.41.jpg,18,5,3,0,20
r_000009_00_3Wct_0783_0236_44.26.jpg,18,5,0,3,26
r_000010_00_2Wct_0813_0281_35.56.jpg,18,5,3,8,26
r_000018_00_3Wct_0936_0370_43.89.jpg,18,5,26,3,0
r_000019_00_0Wct_0941_0375_38.79.jpg,18,5,0,26,3
r_000019_00_1Wct_0941_0375_44.67.jpg,18,5,3,26,27
r_000023_00_3Wct_0939_0391_41.81.jpg,18,3,5,26,20
r_000025_00_1Wct_0940_0393_41.05.jpg,18,3,4,26,5
r_000008_00_3Bct_0887_0235_32.27.jpg,14,24,16,11,27
r_000008_00_4Bct_0887_0235_20.82.jpg,24,14,16,6,1
r_000009_00_1Bct_0947_0275_25.35.jpg,24,16,14,1,11
r_000010_00_0Bct_0989_0313_23.26.jpg,14,24,16,11,5
r_000015_00_0Wct_0628_0147_-12.78.jpg,24,11,20,12,3
r_000019_00_2Wct_0835_0185_-10.01.jpg,24,10,2,12,11
r_000020_00_0Wct_0866_0178_-5.16.jpg,10,24,12,20,11
r_000024_00_2Wct_0956_0124_-11.77.jpg,10,20,2,24,12
r_000024_00_3Wct_0956_0124_-0.32.jpg,10,24,20,12,11
r_000025_00_3Wct_0995_0116_-4.49.jpg,10,20,11,24,2
r_000001_00_3Bct_0820_0297_4.45.jpg,14,26,16,20,0
r_000002_00_0Bct_0877_0286_-1.32.jpg,16,14,26,20,27
r_000003_00_2Bct_0931_0286_-7.17.jpg,16,14,26,5,27
r_000019_00_2Wct_0251_0372_-18.63.jpg,25,21,11,19,18
r_000021_00_2Wct_0359_0341_-20.86.jpg,25,15,19,21,11
r_000021_00_3Wct_0359_0341_-11.36.jpg,25,19,17,15,21
r_000024_00_3Wct_0568_0312_-3.88.jpg,25,18,19,0,15
r_000000_00_0Wct_0664_0271_0.4.jpg,23,25,13,21,11
r_000000_00_2Wct_0664_0271_-5.63.jpg,23,25,21,11,4
r_000000_00_3Wct_0664_0271_5.13.jpg,23,25,21,11,13
r_000001_00_2Wct_0720_0284_-11.62.jpg,23,25,11,13,21
r_000008_00_3Wct_1024_0229_-21.01.jpg,23,25,11,13,0
r_000008_00_2Wct_0263_0205_-3.73.jpg,13,25,10,19,9
r_000008_00_3Wct_0263_0205_1.89.jpg,13,25,20,19,7
r_000008_00_4Wct_0263_0205_-3.88.jpg,13,25,19,9,10
r_000009_00_0Wct_0300_0206_-1.32.jpg,13,25,19,7,20
r_000010_00_4Wct_0345_0215_-9.16.jpg,13,25,19,10,7
r_000011_00_0Wct_0382_0230_-1.95.jpg,25,13,11,10,7
r_000011_00_1Wct_0382_0230_2.54.jpg,25,11,13,20,7
r_000011_00_2Wct_0382_0230_-8.16.jpg,25,10,13,14,7
r_000014_00_3Wct_0522_0234_10.96.jpg,13,25,19,20,11
r_000000_00_0Wct_0355_0487_0.0.jpg,3,25,11,4,5
r_000001_00_2Wct_0413_0480_-3.41.jpg,3,25,5,11,16
r_000003_00_2Wct_0524_0453_-5.65.jpg,3,11,5,4,25
r_000004_00_4Wct_0584_0455_-6.41.jpg,3,5,25,4,11
r_000005_00_2Wct_0643_0464_-11.9.jpg,3,25,4,11,7
r_000009_00_3Wct_0859_0484_4.47.jpg,3,25,4,5,11
r_000011_00_0Wct_0969_0460_-0.34.jpg,25,3,4,0,5
r_000004_00_1Wct_0308_0190_15.22.jpg,21,11,25,19,12
r_000004_00_2Wct_0308_0190_2.47.jpg,21,11,25,19,12
r_000007_00_0Wct_0510_0206_5.96.jpg,21,19,25,11,12
r_000007_00_1Wct_0510_0206_12.06.jpg,21,19,12,25,11
r_000007_00_3Wct_0510_0206_7.59.jpg,21,12,25,19,11
r_000009_00_0Wct_0644_0218_5.21.jpg,11,21,19,25,23
r_000009_00_2Wct_0644_0218_-0.79.jpg,11,21,19,25,1
r_000010_00_3Wct_0717_0212_4.35.jpg,21,11,19,25,12
r_000017_00_1Wct_0288_0199_-14.42.jpg,25,14,8,10,19
r_000017_00_3Wct_0288_0199_-19.01.jpg,25,8,14,13,7
r_000019_00_4Wct_0383_0181_-15.28.jpg,25,13,14,19,11
r_000021_00_2Wct_0480_0147_-15.78.jpg,25,14,19,8,13
r_000023_00_0Wct_0590_0117_-10.26.jpg,25,19,8,13,10
r_000004_00_0Bct_0790_0187_19.19.jpg,24,2,16,11,1
r_000006_00_0Bct_0881_0194_11.0.jpg,24,9,2,13,20
r_000008_00_4Dct_0964_0196_-2.7.jpg,13,9,23,20,4
r_000010_00_4Dct_1043_0209_-7.54.jpg,13,9,10,20,4
r_000000_00_3Wct_0480_0156_-153.4.jpg,19,4,17,7,0
r_000001_01_2Wct_0499_0163_13.48.jpg,19,25,17,7,14
r_000004_01_0Wct_0566_0170_9.11.jpg,19,25,0,5,1
r_000006_00_2Wct_0614_0154_-0.7.jpg,19,25,17,11,24
r_000007_00_1Wct_0638_0145_5.32.jpg,19,0,4,1,26
r_000007_00_3Wct_0638_0145_2.77.jpg,19,0,4,13,25
r_000014_01_4Wct_0674_0128_-17.25.jpg,19,25,7,17,14
r_000016_01_4Wct_0681_0127_-23.54.jpg,19,17,25,4,0
r_000020_01_0Wct_0685_0125_-15.3.jpg,19,17,4,25,0
r_000020_01_4Wct_0685_0125_-20.5.jpg,19,17,25,0,11
r_000000_00_0Bct_0580_0241_57.93.jpg,20,26,27,5,14
r_000003_00_2Bct_0583_0238_52.27.jpg,20,26,27,5,24
r_000004_00_1Bct_0604_0261_57.01.jpg,20,26,27,12,5
r_000005_00_0Bct_0625_0279_49.45.jpg,20,26,27,24,12
r_000010_00_3Bct_0748_0377_24.31.jpg,20,27,14,16,26
r_000013_00_3Bct_0903_0379_6.11.jpg,20,27,14,5,26
r_000015_00_2Bct_1013_0389_-8.14.jpg,20,27,14,26,5
r_000006_00_1Bct_0881_0419_4.55.jpg,14,16,24,1,7
r_000008_00_1Bct_1017_0460_4.74.jpg,14,11,16,7,24
r_000008_00_2Bct_1017_0460_-4.55.jpg,14,24,16,12,7
r_000008_00_4Bct_1017_0460_-5.03.jpg,14,24,12,16,7
r_000005_00_2Dct_0846_0293_28.45.jpg,16,6,24,11,1
r_000005_00_4Dct_0846_0293_28.03.jpg,16,6,24,26,1
r_000006_00_1Dct_0899_0329_37.14.jpg,16,6,24,1,7
r_000007_00_3Dct_0951_0368_32.76.jpg,16,6,26,14,24
r_000019_00_2Dct_0593_0137_-0.4.jpg,1,27,7,24,11
r_000020_00_0Dct_0642_0120_0.92.jpg,7,11,1,24,27
r_000020_00_4Dct_0642_0120_-1.14.jpg,7,24,11,1,27
r_000021_00_4Dct_0699_0111_-8.06.jpg,7,24,20,1,11
r_000001_01_0Wct_0259_0363_-2.75.jpg,25,21,23,3,13
r_000002_00_0Wct_0330_0366_-1.78.jpg,25,21,23,13,3
r_000005_00_3Wct_0522_0337_-2.09.jpg,23,25,21,13,3
r_000009_00_2Wct_0808_0292_-19.23.jpg,23,25,21,11,3
r_000011_00_1Wct_0939_0226_-19.89.jpg,25,23,11,13,21
r_000013_00_3Wct_1048_0180_-32.69.jpg,23,25,21,11,13
r_000001_01_1Wct_0827_0367_27.91.jpg,24,11,16,20,1
r_000003_01_3Wct_0903_0419_24.74.jpg,12,5,11,20,16
r_000006_01_0Wct_1050_0462_18.33.jpg,20,14,11,5,24
r_000011_00_3Wct_0421_0218_28.99.jpg,21,12,25,18,8
r_000018_00_2Wct_0756_0366_8.2.jpg,21,25,12,23,18
r_000018_00_3Wct_0756_0366_16.73.jpg,21,25,12,23,8
r_000019_00_4Wct_0815_0396_7.31.jpg,21,25,12,23,8
r_000020_00_4Wct_0857_0415_13.14.jpg,21,25,23,12,10
r_000023_00_0Wct_1027_0435_4.58.jpg,21,25,10,23,12
r_000023_00_1Wct_1027_0435_9.48.jpg,21,25,23,10,11
r_000001_00_0Bct_0440_0298_-7.51.jpg,20,26,24,1,14
r_000003_00_2Bct_0544_0307_-12.85.jpg,1,24,26,6,7
r_000004_00_2Bct_0601_0294_-11.39.jpg,24,20,26,1,9
r_000005_00_1Bct_0658_0274_-0.43.jpg,24,20,1,26,7
r_000007_00_1Bct_0756_0236_-6.06.jpg,24,1,22,2,16
r_000010_00_0Bct_0922_0233_-9.91.jpg,9,26,2,1,24
r_000002_00_1Wct_0248_0263_22.65.jpg,23,25,21,13,0
r_000005_00_2Wct_0458_0341_-2.68.jpg,23,25,11,13,21
r_000006_00_2Wct_0528_0340_-5.03.jpg,23,25,11,21,13
r_000007_00_1Wct_0576_0331_-1.86.jpg,23,25,11,21,0
r_000013_00_3Wct_0937_0215_-24.34.jpg,23,25,11,0,13
r_000014_00_0Wct_0979_0169_-32.26.jpg,23,25,11,0,3
r_000005_00_2Dct_0568_0229_46.73.jpg,22,20,24,26,9
r_000007_00_1Dct_0581_0243_56.72.jpg,22,20,24,6,26
r_000007_00_2Dct_0581_0243_47.86.jpg,22,26,6,16,20
r_000012_00_2Dct_0597_0253_50.71.jpg,22,6,26,20,1
r_000013_00_3Dct_0597_0255_59.07.jpg,22,6,20,24,26
r_000016_00_2Dct_0597_0260_53.38.jpg,22,26,6,24,16
r_000017_00_1Dct_0600_0257_62.73.jpg,22,6,24,20,1
r_000019_00_3Dct_0610_0248_59.9.jpg,22,20,26,6,2
r_000024_01_2Dct_0611_0244_46.88.jpg,22,20,6,26,16
r_000024_01_4Dct_0611_0244_46.19.jpg,22,6,20,1,16
r_000025_01_1Dct_0610_0243_57.8.jpg,22,6,3,1,24
r_000020_00_2Bct_0687_0217_22.54.jpg,16,1,14,27,15
r_000021_00_2Bct_0743_0234_17.53.jpg,14,27,16,1,11
r_000022_00_2Bct_0790_0245_15.38.jpg,16,14,24,1,7
r_000026_00_3Bct_1034_0337_19.6.jpg,14,27,16,1,11
r_000015_00_4Wct_0781_0145_-1.21.jpg,20,5,26,12,0
r_000016_00_0Wct_0840_0152_-0.23.jpg,20,5,12,11,26
r_000019_00_1Wct_1005_0126_-2.82.jpg,26,20,10,13,2
r_000001_00_1Wct_0318_0289_8.38.jpg,23,25,21,13,11
r_000003_00_4Wct_0431_0307_-2.83.jpg,23,25,21,8,11
r_000004_00_0Wct_0491_0302_1.15.jpg,23,21,25,8,13
r_000006_00_1Wct_0617_0296_-1.1.jpg,23,8,21,25,13
r_000008_00_0Wct_0737_0305_-12.38.jpg,23,8,21,25,11
r_000010_00_2Wct_0843_0297_-20.33.jpg,23,21,25,11,4
r_000010_00_4Wct_0843_0297_-20.94.jpg,23,21,25,4,11
r_000007_00_1Wct_0566_0290_47.61.jpg,24,20,22,1,11
r_000008_00_1Wct_0602_0299_42.3.jpg,24,22,20,1,11
r_000009_00_4Wct_0628_0311_36.37.jpg,24,22,1,20,11
r_000010_00_4Wct_0637_0308_31.25.jpg,24,11,1,22,17
r_000011_00_2Wct_0668_0321_29.27.jpg,24,1,11,22,16
r_000013_00_4Wct_0697_0352_23.83.jpg,24,1,17,22,11
r_000015_00_2Wct_0741_0381_16.0.jpg,24,1,17,22,16
r_000018_00_0Wct_0831_0387_24.24.jpg,24,1,17,22,2
r_000021_00_0Wct_0909_0370_21.03.jpg,24,16,17,1,26
r_000023_00_0Wct_0986_0376_6.13.jpg,24,17,16,11,1
r_000023_00_2Wct_0986_0376_1.03.jpg,24,11,16,1,17
r_000002_00_3Wct_0374_0330_7.91.jpg,25,11,21,13,8
r_000003_00_1Wct_0402_0335_5.71.jpg,25,8,3,0,21
r_000005_01_2Wct_0488_0353_-6.87.jpg,25,8,3,23,11
r_000006_01_0Wct_0519_0357_-1.32.jpg,25,11,23,3,5
r_000007_01_1Wct_0559_0348_4.36.jpg,25,13,11,1,8
r_000009_00_3Wct_0622_0324_-1.26.jpg,25,13,11,23,21
r_000011_00_4Wct_0701_0304_-14.59.jpg,25,13,11,23,3
r_000013_00_1Wct_0787_0307_-5.27.jpg,25,8,13,23,10
r_000015_00_1Wct_0869_0295_-5.37.jpg,25,13,23,21,10
r_000015_00_4Wct_0869_0295_-16.55.jpg,25,13,23,11,8
r_000018_00_3Wct_0978_0226_-16.81.jpg,25,7,19,13,11
r_000012_00_1Bct_0318_0118_4.53.jpg,14,26,20,5,16
r_000012_00_2Bct_0318_0118_-6.42.jpg,14,26,20,5,16
r_000012_00_3Bct_0318_0118_1.0.jpg,14,26,16,5,20
r_000013_00_1Bct_0372_0127_4.2.jpg,14,26,20,5,24
r_000016_00_1Bct_0511_0139_6.34.jpg,14,16,26,5,20
r_000021_00_2Bct_0730_0119_-9.73.jpg,26,14,20,5,16
r_000022_00_4Bct_0768_0133_-6.15.jpg,26,16,14,5,24
r_000025_00_4Bct_0861_0147_-4.58.jpg,16,26,14,5,27
r_000003_00_3Bct_0774_0196_9.32.jpg,26,14,24,16,6
r_000005_00_1Bct_0882_0203_4.17.jpg,26,14,6,20,9
r_000008_00_0Bct_1033_0216_-7.16.jpg,20,26,14,13,5
r_000008_00_2Bct_1033_0216_-12.6.jpg,26,20,14,9,5
r_000018_00_2Wct_0477_0275_-12.64.jpg,13,20,11,5,25
r_000018_00_4Wct_0477_0275_-10.54.jpg,20,13,5,11,25
r_000020_00_3Wct_0567_0285_0.24.jpg,13,20,11,14,25
r_000023_00_0Wct_0738_0267_-5.9.jpg,23,11,20,13,25
r_000024_00_4Wct_0790_0252_-14.61.jpg,13,11,20,9,2
r_000025_00_1Wct_0832_0240_-5.02.jpg,13,11,20,25,24
r_000000_00_0Bct_0239_0141_-7.85.jpg,24,7,14,16,20
r_000006_00_3Bct_0587_0103_0.13.jpg,24,14,7,17,16
r_000007_00_1Bct_0645_0104_3.74.jpg,24,7,20,17,14
r_000009_00_1Bct_0767_0107_4.63.jpg,24,14,17,16,20
r_000009_00_4Bct_0767_0107_-4.04.jpg,24,16,14,17,7
r_000002_00_0Bct_0511_0278_38.73.jpg,26,16,5,20,27
r_000003_00_1Bct_0511_0282_42.79.jpg,26,20,5,15,24
r_000003_00_4Bct_0511_0282_34.32.jpg,26,20,15,16,5
r_000004_00_1Bct_0521_0291_40.89.jpg,26,16,5,20,15
r_000005_00_2Dct_0552_0232_32.77.jpg,26,20,5,18,7
r_000007_01_2Bct_0532_0288_34.54.jpg,26,5,16,14,20
r_000008_01_1Bct_0534_0275_46.76.jpg,26,16,24,20,14
r_000010_01_3Bct_0526_0278_41.6.jpg,26,20,16,5,9
r_000018_01_3Bct_0499_0272_41.07.jpg,26,14,16,20,5
r_000018_01_4Bct_0499_0272_31.86.jpg,26,20,14,5,16
r_000022_01_3Bct_0450_0232_38.28.jpg,26,5,20,27,16
r_000023_01_0Bct_0413_0217_36.04.jpg,26,5,20,14,16
r_000025_01_2Bct_0389_0206_32.63.jpg,26,14,16,5,20
r_000011_00_0Bct_0248_0205_14.78.jpg,15,26,16,6,8
r_000011_00_4Bct_0248_0205_8.81.jpg,15,2,6,8,23
r_000012_00_1Bct_0256_0198_19.54.jpg,15,26,7,8,6
r_000018_02_0Bct_0258_0175_11.86.jpg,15,6,8,12,2
r_000019_02_4Bct_0267_0169_7.15.jpg,15,6,26,2,16
r_000020_01_1Bct_0268_0171_16.27.jpg,15,20,2,9,8
r_000020_01_2Bct_0268_0171_4.58.jpg,15,6,20,16,12
r_000026_00_4Bct_0275_0162_2.75.jpg,15,8,20,2,1
r_000018_00_4Bct_0313_0235_52.07.jpg,6,1,4,26,22
r_000019_00_2Bct_0314_0259_39.08.jpg,6,9,26,4,1
r_000021_00_4Bct_0337_0290_31.84.jpg,6,26,4,9,22
r_000024_00_4Bct_0425_0306_21.98.jpg,6,26,16,21,1
r_000001_00_1Wct_0186_0218_59.36.jpg,27,20,5,1,26
r_000003_00_4Wct_0237_0289_40.93.jpg,27,20,26,14,5
r_000004_00_0Wct_0278_0317_34.84.jpg,27,20,14,12,5
r_000004_00_4Wct_0278_0317_30.24.jpg,27,14,20,5,16
r_000010_01_4Wct_0553_0426_3.45.jpg,27,20,12,14,16
r_000012_00_4Wct_0638_0393_-17.37.jpg,27,14,20,12,5
r_000016_00_2Wct_0828_0349_-33.49.jpg,27,14,12,20,26
r_000016_00_3Wct_0828_0349_-21.93.jpg,27,20,12,14,26
r_000017_00_2Wct_0861_0330_-34.1.jpg,27,12,20,14,26
r_000018_00_4Wct_0884_0292_-35.49.jpg,27,12,20,14,26
r_000008_00_3Wct_0833_0534_16.7.jpg,8,17,7,1,12
r_000008_00_4Wct_0833_0534_6.73.jpg,8,17,3,1,7
r_000009_00_0Wct_0875_0532_9.17.jpg,8,17,3,18,1
r_000009_00_1Wct_0875_0532_13.48.jpg,8,19,3,0,1
r_000009_00_2Wct_0875_0532_2.35.jpg,8,17,1,2,22
r_000009_00_3Wct_0875_0532_14.51.jpg,8,19,3,0,1
r_000009_00_4Wct_0875_0532_7.99.jpg,8,1,3,18,20
r_000000_00_3Bct_0270_0181_6.86.jpg,16,26,24,14,6
r_000002_00_3Bct_0378_0192_4.04.jpg,16,14,27,15,7
r_000005_00_4Bct_0553_0207_-1.77.jpg,16,14,15,7,11
r_000006_00_1Bct_0609_0189_3.58.jpg,27,14,16,11,20
r_000006_00_4Bct_0609_0189_-3.37.jpg,27,14,16,11,15
r_000010_00_3Bct_0829_0141_-10.64.jpg,27,16,14,1,21
r_000000_00_0Bct_0411_0336_-4.47.jpg,24,14,16,1,9
r_000002_00_1Bct_0498_0300_157.55.jpg,24,20,1,14,25
r_000004_00_2Bct_0651_0281_-15.34.jpg,24,14,20,1,11
r_000010_00_1Bct_1036_0165_-19.7.jpg,14,20,1,9,24
r_000010_00_4Bct_1036_0165_-26.27.jpg,20,9,14,1,2
r_000006_00_0Wct_0290_0113_-2.75.jpg,14,5,25,8,20
r_000006_00_3Wct_0290_0113_1.95.jpg,14,5,25,0,19
r_000009_00_3Wct_0456_0125_2.1.jpg,25,5,14,16,17
r_000000_00_2Wct_0730_0278_-16.58.jpg,25,11,13,23,19
r_000004_00_0Wct_0910_0229_-20.63.jpg,25,11,23,21,13
r_000006_00_2Wct_1003_0208_-25.28.jpg,23,11,25,13,0
r_000008_00_1Wct_1063_0177_-12.89.jpg,25,23,11,0,19
r_000004_00_4Wct_0345_0181_-22.26.jpg,3,5,16,11,25
r_000005_00_1Wct_0415_0177_-6.96.jpg,3,5,25,18,19
r_000007_00_4Wct_0509_0165_-11.88.jpg,3,5,14,0,19
r_000012_00_4Wct_0827_0110_-13.09.jpg,3,25,5,11,0
r_000008_00_0Wct_0567_0144_23.95.jpg,13,25,7,5,1
r_000010_00_4Wct_0674_0184_4.24.jpg,5,25,13,11,7
r_000012_00_0Wct_0779_0202_2.23.jpg,5,13,25,7,18
r_000013_00_0Wct_0823_0199_0.57.jpg,5,25,3,13,18
r_000015_00_0Wct_0925_0167_-13.35.jpg,7,25,10,11,13
r_000016_00_1Tct_0222_0228_-21.42.jpg,14,16,26,24,6
r_000016_00_3Tct_0222_0228_-19.24.jpg,14,16,26,24,6
r_000026_00_3Tct_0223_0226_-22.87.jpg,14,16,24,26,6
r_000000_00_2Bct_0250_0292_-9.95.jpg,14,27,5,20,26
r_000002_00_2Bct_0375_0276_-14.73.jpg,27,14,5,11,1
r_000006_00_3Bct_0611_0243_-10.84.jpg,27,1,5,11,14
r_000008_00_0Bct_0716_0179_-27.85.jpg,1,27,17,5,2
r_000009_00_3Wct_0761_0164_-26.32.jpg,27,1,24,7,14
r_000013_00_4Tct_0765_0160_18.81.jpg,24,27,16,11,14
r_000014_00_1Tct_0839_0193_22.54.jpg,24,14,16,1,6
r_000014_00_3Tct_0839_0193_19.71.jpg,24,14,16,27,1
r_000015_00_0Tct_0882_0214_12.55.jpg,27,1,14,21,16
r_000016_00_1Tct_0932_0250_17.54.jpg,16,27,1,14,21
r_000019_00_0Tct_1026_0300_16.33.jpg,16,27,21,1,26
r_000001_00_3Wct_0291_0278_52.72.jpg,17,10,8,18,7
r_000005_01_3Wct_0295_0284_51.22.jpg,17,8,0,10,22
r_000007_00_0Wct_0295_0280_48.07.jpg,8,17,0,10,22
r_000008_00_0Wct_0293_0283_47.78.jpg,8,0,17,10,7
r_000009_00_0Wct_0294_0277_47.84.jpg,17,8,10,7,22
r_000011_00_2Wct_0299_0276_43.74.jpg,17,8,7,0,10
r_000012_00_4Wct_0294_0278_45.03.jpg,8,17,10,18,7
r_000019_01_2Wct_0293_0276_41.63.jpg,10,17,7,18,26
r_000020_01_0Wct_0305_0254_48.59.jpg,10,17,18,7,2
r_000020_01_1Wct_0305_0254_54.44.jpg,7,18,17,13,27
r_000026_00_4Wct_0279_0294_44.52.jpg,17,18,8,7,10
r_000001_00_0Wct_0798_0164_23.72.jpg,12,2,9,16,18
r_000001_00_4Wct_0798_0164_22.16.jpg,2,9,12,16,5
r_000003_00_0Wct_0887_0239_16.9.jpg,2,9,16,24,0
r_000007_00_0Wct_0243_0204_7.79.jpg,24,14,7,5,26
r_000009_00_4Wct_0347_0205_-6.16.jpg,14,16,24,11,1
r_000010_00_2Wct_0398_0220_-5.3.jpg,14,24,1,7,16
r_000012_00_2Wct_0481_0224_-8.31.jpg,14,24,1,11,16
r_000015_00_1Wct_0620_0183_-10.71.jpg,14,12,7,11,24
r_000026_00_4Wct_0535_0452_-10.54.jpg,5,25,20,11,14
r_000027_00_2Wct_0713_0426_-17.73.jpg,5,25,11,20,14
r_000029_00_3Wct_0979_0352_-16.04.jpg,25,5,11,13,20
r_000003_00_2Bct_0866_0223_-6.61.jpg,24,25,1,11,16
r_000004_00_3Bct_0902_0213_-1.98.jpg,24,27,1,20,11
r_000004_00_4Bct_0902_0213_-5.39.jpg,24,20,1,27,11
r_000007_00_0Bct_1075_0197_-17.59.jpg,1,20,27,13,25
r_000001_00_3Bct_0538_0246_23.59.jpg,24,16,6,1,14
r_000004_00_1Bct_0630_0278_26.81.jpg,24,1,16,6,25
r_000005_00_1Bct_0663_0278_26.13.jpg,24,1,16,23,6
r_000011_00_4Bct_0787_0294_-3.02.jpg,1,6,24,14,17
r_000013_00_3Bct_0798_0304_5.2.jpg,6,1,14,16,24
r_000014_00_2Bct_0801_0306_-5.05.jpg,1,6,20,24,16
r_000014_00_4Bct_0801_0306_-2.73.jpg,6,24,1,16,9
r_000018_00_2Bct_0801_0307_-3.11.jpg,6,1,9,16,26
r_000019_00_0Bct_0795_0306_3.44.jpg,6,9,1,2,24
r_000020_00_2Bct_0793_0305_-2.14.jpg,6,1,9,24,16
r_000021_00_2Bct_0796_0305_-1.14.jpg,6,1,24,9,16
r_000023_00_4Bct_0796_0303_0.47.jpg,6,24,14,9,1
r_000024_00_2Bct_0795_0302_-0.36.jpg,6,1,9,23,24
r_000009_00_2Wct_0462_0189_14.68.jpg,24,14,2,20,1
r_000009_00_4Wct_0462_0189_19.75.jpg,24,11,14,20,5
r_000010_00_4Wct_0497_0200_14.41.jpg,14,24,2,11,25
r_000012_00_1Wct_0566_0242_11.72.jpg,24,11,2,14,9
r_000017_00_1Wct_0802_0226_1.11.jpg,9,2,11,24,14
r_000017_00_3Wct_0802_0226_0.8.jpg,11,2,24,9,14
r_000018_00_0Wct_0834_0212_-9.63.jpg,11,2,10,20,27
r_000021_00_2Wct_0984_0220_-20.54.jpg,11,10,12,2,1
r_000003_00_4Wct_0269_0292_-1.8.jpg,10,11,25,20,14
r_000007_00_0Wct_0562_0316_-1.43.jpg,10,25,20,13,7
r_000008_00_3Wct_0620_0303_0.66.jpg,25,10,11,20,13
r_000009_00_1Wct_0699_0290_-4.82.jpg,10,25,13,11,20
r_000009_00_4Wct_0699_0290_-17.93.jpg,10,25,20,11,5
r_000010_00_4Wct_0773_0279_-15.77.jpg,10,25,11,20,13
r_000019_00_0Bct_0393_0338_2.35.jpg,16,14,27,5,26
r_000022_00_2Bct_0771_0305_-16.94.jpg,14,26,24,20,9
r_000024_00_4Bct_0985_0235_-25.01.jpg,14,27,5,20,24
r_000004_00_2Bct_0583_0162_13.57.jpg,16,6,1,26,11
r_000004_00_3Bct_0583_0162_21.44.jpg,16,6,26,1,14
r_000008_00_2Bct_0825_0238_4.98.jpg,16,6,1,7,24
r_000011_00_0Bct_0983_0232_2.41.jpg,1,16,26,6,0
r_000001_00_3Wct_0295_0412_-2.58.jpg,19,27,25,0,5
r_000003_00_3Wct_0393_0402_0.56.jpg,11,5,19,25,0
r_000004_00_3Wct_0447_0387_-5.3.jpg,11,13,20,5,3
r_000007_00_0Wct_0632_0332_-19.88.jpg,11,13,20,3,18
r_000008_00_4Wct_0692_0321_-23.94.jpg,11,25,20,13,19
r_000011_00_2Wct_0842_0252_-28.67.jpg,13,11,25,10,23
r_000013_00_1Wct_0929_0182_-27.07.jpg,13,11,23,25,10
r_000015_00_0Wct_0337_0311_0.23.jpg,20,12,1,14,5
r_000015_00_4Wct_0337_0311_-2.71.jpg,20,1,12,5,2
r_000019_00_3Wct_0557_0304_5.16.jpg,1,20,24,14,12
r_000023_00_0Wct_0788_0303_0.69.jpg,1,20,22,24,2
r_000024_00_2Wct_0835_0296_-6.23.jpg,20,1,24,3,22
r_000025_00_3Wct_0895_0293_2.52.jpg,1,20,5,22,3
r_000026_00_1Wct_0307_0249_-12.82.jpg,23,21,12,8,19
r_000028_00_2Wct_0465_0223_-22.41.jpg,23,21,8,12,1
r_000028_00_3Wct_0465_0223_-11.46.jpg,23,21,12,8,19
r_000022_00_0Wct_0642_0231_18.22.jpg,13,20,5,16,27
r_000022_00_4Wct_0642_0231_13.15.jpg,13,20,9,5,14
r_000026_00_4Wct_0816_0276_1.69.jpg,20,9,13,26,18
r_000000_00_0Wct_0611_0157_21.94.jpg,24,13,2,20,19
r_000006_00_1Wct_0857_0156_0.2.jpg,13,2,20,24,9
r_000006_00_2Wct_0857_0156_-9.6.jpg,13,24,20,2,6
r_000007_00_4Wct_0895_0135_-16.99.jpg,13,20,2,24,6
r_000003_00_0Wct_0535_0318_38.62.jpg,7,17,5,14,27
r_000004_00_1Wct_0573_0353_35.27.jpg,7,17,3,5,16
r_000007_00_2Wct_0695_0427_11.62.jpg,7,15,14,17,11
r_000009_00_1Wct_0802_0427_13.03.jpg,7,17,25,11,14
r_000009_00_2Wct_0802_0427_1.74.jpg,7,14,25,11,17
r_000010_00_0Wct_0853_0424_2.12.jpg,7,11,14,25,16
r_000013_00_4Wct_1029_0446_-6.58.jpg,7,14,11,12,25
r_000026_00_0Wct_0422_0284_26.18.jpg,20,9,5,14,26
r_000026_00_1Wct_0422_0284_31.36.jpg,26,5,9,20,14
r_000026_00_2Wct_0422_0284_19.91.jpg,26,20,9,5,14
r_000027_00_2Wct_0560_0321_20.52.jpg,20,14,9,5,26
r_000051_00_4Wct_1131_0398_-81.78.jpg,26,9,2,10,4
r_000014_01_1Wct_0549_0208_60.33.jpg,24,20,10,26,2
r_000017_01_4Wct_0527_0203_51.19.jpg,20,2,10,9,26
r_000019_01_0Wct_0530_0210_54.49.jpg,20,2,10,24,26
r_000019_01_3Wct_0530_0210_57.99.jpg,20,22,2,24,26
r_000023_01_4Wct_0532_0215_54.48.jpg,20,1,2,24,22
r_000025_01_0Wct_0553_0223_51.57.jpg,1,20,16,22,2
r_000015_00_0Wct_0319_0445_5.9.jpg,25,23,21,11,8
r_000016_01_1Wct_0416_0457_12.9.jpg,23,25,21,8,11
r_000017_01_3Wct_0501_0462_9.22.jpg,23,25,21,11,13
r_000018_00_0Wct_0591_0469_1.89.jpg,25,23,21,11,8
r_000018_00_1Wct_0591_0469_8.06.jpg,25,21,23,11,12
r_000008_00_2Wct_0207_0206_50.37.jpg,8,18,0,10,7
r_000011_00_1Wct_0271_0237_63.22.jpg,18,8,7,13,1
r_000013_00_0Wct_0300_0242_51.74.jpg,18,7,12,8,17
r_000013_00_1Wct_0300_0242_58.05.jpg,18,12,8,7,10
r_000014_00_2Wct_0302_0243_44.82.jpg,18,8,17,2,10
r_000015_00_4Wct_0306_0252_45.57.jpg,18,17,12,7,8
r_000021_00_3Wct_0293_0271_50.72.jpg,7,18,8,17,13
r_000023_00_0Wct_0294_0274_47.67.jpg,7,18,17,8,13
r_000025_00_0Wct_0294_0278_47.44.jpg,17,8,18,0,22
r_000002_01_2Wct_0643_0352_22.48.jpg,5,12,1,2,20
r_000007_00_2Wct_0852_0382_-3.16.jpg,5,27,12,14,20
r_000008_00_1Wct_0887_0383_3.67.jpg,5,20,27,12,1
r_000008_00_2Wct_0887_0383_-6.66.jpg,5,12,27,20,14
r_000008_00_4Wct_0887_0383_-5.97.jpg,5,12,20,27,14
r_000011_00_0Wct_1034_0334_-10.49.jpg,5,9,14,20,27
r_000000_00_1Tct_0254_0329_4.31.jpg,14,27,20,16,24
r_000000_00_3Tct_0254_0329_2.45.jpg,27,14,20,1,26
r_000003_00_0Bct_0415_0365_5.21.jpg,27,14,16,20,1
r_000004_00_0Bct_0483_0359_6.76.jpg,27,16,14,26,12
r_000004_00_4Bct_0483_0359_2.03.jpg,27,16,14,26,20
r_000007_00_1Bct_0675_0378_5.97.jpg,27,14,16,20,11
r_000011_00_4Bct_0932_0419_4.15.jpg,16,27,14,26,24
r_000005_00_1Wct_0524_0310_-18.44.jpg,11,5,12,14,10
r_000006_00_0Wct_0559_0271_-24.24.jpg,5,12,18,11,10
r_000008_00_0Wct_0663_0224_-33.17.jpg,11,12,5,21,18
r_000008_00_3Wct_0663_0224_-31.85.jpg,12,11,5,18,21
r_000009_00_0Wct_0713_0203_-33.12.jpg,10,12,27,5,21
r_000010_00_1Wct_0746_0189_-23.84.jpg,5,12,10,27,11
r_000012_00_4Wct_0241_0399_5.75.jpg,11,3,5,27,4
r_000015_00_4Wct_0328_0379_10.3.jpg,3,2,17,4,11
r_000017_00_0Wct_0355_0373_14.27.jpg,3,4,17,1,11
r_000023_00_0Wct_0386_0375_15.3.jpg,4,3,1,11,15
r_000024_00_2Wct_0387_0376_9.72.jpg,3,4,1,2,17
r_000024_00_4Wct_0387_0376_14.21.jpg,3,4,1,2,17
r_000003_00_3Wct_0937_0356_14.2.jpg,20,13,10,12,18
r_000004_00_1Wct_0973_0341_11.1.jpg,10,13,20,11,12
r_000005_00_0Wct_1004_0334_-0.86.jpg,13,20,11,10,12
r_000002_00_1Bct_0307_0407_-9.49.jpg,14,20,5,27,16
r_000002_00_3Bct_0307_0407_-11.6.jpg,14,20,5,27,16
r_000003_00_1Bct_0393_0389_-6.93.jpg,14,27,16,15,7
r_000006_00_2Bct_0616_0327_-17.26.jpg,16,27,14,7,15
r_000009_00_0Bct_0883_0322_-1.2.jpg,16,14,24,27,7
r_000002_00_3Wct_0414_0344_47.09.jpg,26,20,9,27,1
r_000005_01_0Wct_0423_0353_38.67.jpg,26,2,20,9,1
r_000008_00_3Wct_0424_0359_43.33.jpg,26,27,1,20,16
r_000010_00_2Wct_0423_0367_31.79.jpg,20,26,1,2,16
r_000013_01_4Wct_0424_0366_31.97.jpg,26,20,16,27,9
r_000014_01_3Wct_0421_0365_39.27.jpg,26,20,1,2,16
r_000015_01_0Wct_0417_0360_36.1.jpg,26,20,1,16,24
r_000020_01_3Wct_0443_0364_33.64.jpg,26,20,1,16,2
r_000022_01_4Wct_0458_0367_24.15.jpg,20,26,16,1,24
r_000025_00_2Wct_0475_0373_21.17.jpg,20,26,1,13,16
r_000026_00_0Wct_0478_0372_29.05.jpg,20,1,16,24,27
r_000026_00_3Wct_0478_0372_33.12.jpg,20,24,16,1,26
r_000004_00_1Wct_0379_0254_29.64.jpg,2,5,12,27,11
r_000004_00_4Wct_0379_0254_22.46.jpg,2,5,20,11,12
r_000005_00_0Wct_0439_0264_22.29.jpg,2,20,5,12,11
r_000005_00_4Wct_0439_0264_17.47.jpg,26,2,5,20,12
r_000009_00_3Wct_0708_0284_6.72.jpg,2,20,9,12,13
r_000013_00_1Wct_0960_0232_-5.11.jpg,13,10,27,23,12
r_000015_00_0Wct_1053_0198_-22.69.jpg,13,20,25,10,9
r_000000_00_4Bct_0363_0216_31.35.jpg,26,14,5,16,21
r_000002_01_0Bct_0364_0218_36.27.jpg,26,14,16,20,9
r_000003_01_0Bct_0363_0218_37.24.jpg,26,16,27,20,7
r_000014_00_2Bct_0370_0220_28.51.jpg,26,27,16,20,7
r_000015_00_2Bct_0387_0227_26.35.jpg,26,16,14,27,24
r_000015_00_4Bct_0387_0227_27.98.jpg,26,16,27,14,20
r_000017_00_3Bct_0406_0238_30.78.jpg,26,16,20,14,9
r_000018_00_4Bct_0417_0240_23.14.jpg,26,16,14,18,7
r_000019_00_3Bct_0445_0244_29.99.jpg,26,14,16,24,20
r_000020_00_4Bct_0470_0240_20.57.jpg,26,16,27,7,24
r_000021_00_1Bct_0485_0234_25.95.jpg,26,20,5,14,24
r_000023_00_3Bct_0498_0247_21.52.jpg,26,16,14,24,20
r_000025_00_2Bct_0469_0244_15.42.jpg,26,16,14,5,24
r_000000_00_3Wct_0480_0338_-13.06.jpg,14,16,11,27,24
r_000000_00_4Wct_0480_0338_-19.38.jpg,14,16,27,11,7
r_000001_00_4Wct_0534_0339_-18.03.jpg,14,16,27,11,7
r_000003_00_0Wct_0621_0324_-8.54.jpg,14,11,16,27,7
r_000003_00_3Wct_0621_0324_-7.08.jpg,14,16,11,27,7
r_000006_00_2Wct_0777_0267_-17.69.jpg,16,14,11,7,1
r_000009_00_0Dct_0914_0274_-9.34.jpg,27,16,14,11,7
r_000002_00_2Wct_0850_0324_15.73.jpg,19,12,23,25,21
r_000005_00_0Wct_0998_0409_22.4.jpg,19,12,23,21,10
r_000006_00_2Wct_1061_0433_18.09.jpg,19,12,25,23,21
r_000001_00_3Bct_0313_0361_-2.53.jpg,15,27,1,12,25
r_000002_00_2Bct_0359_0359_-12.5.jpg,15,1,12,27,20
r_000002_00_3Bct_0359_0359_-4.56.jpg,15,1,12,27,20
r_000006_00_1Bct_0546_0280_-18.29.jpg,15,1,12,8,17
r_000008_00_4Bct_0642_0229_-30.5.jpg,15,1,8,3,12
r_000012_00_4Bct_0809_0173_-30.25.jpg,15,1,27,17,3
r_000029_01_1Wct_0581_0171_42.0.jpg,24,7,19,6,20
r_000030_01_0Wct_0635_0211_33.69.jpg,24,6,7,16,19
r_000032_01_0Wct_0740_0251_23.38.jpg,24,20,6,13,11
r_000036_01_1Wct_0969_0331_18.91.jpg,24,7,14,11,16
r_000024_00_0Wct_0309_0389_16.16.jpg,8,0,17,5,12
r_000027_00_3Wct_0462_0473_16.24.jpg,8,0,17,22,5
r_000030_00_0Wct_0642_0485_3.27.jpg,8,17,3,12,22
r_000033_00_1Wct_0809_0530_7.66.jpg,12,18,5,8,3
r_000035_00_0Wct_0901_0548_8.54.jpg,12,8,18,17,5
r_000037_00_3Wct_0969_0544_12.89.jpg,18,10,11,0,17
r_000039_00_4Wct_1029_0572_-4.43.jpg,18,10,8,0,13
r_000041_00_2Wct_1048_0596_-6.59.jpg,18,8,10,17,13
r_000041_00_3Wct_1048_0596_-0.87.jpg,18,22,10,13,2
r_000042_00_0Wct_1051_0600_-1.6.jpg,18,10,13,22,17
r_000045_00_4Wct_1056_0593_-1.37.jpg,18,8,13,10,17
r_000047_00_1Wct_1049_0586_6.31.jpg,10,18,17,22,2
r_000048_00_2Wct_1053_0584_-1.51.jpg,18,13,10,8,17
r_000053_00_0Wct_1056_0584_2.52.jpg,10,18,17,12,8
r_000053_00_2Wct_1056_0584_-3.44.jpg,18,10,8,17,13
r_000003_00_0Bct_0734_0181_24.24.jpg,7,16,1,14,27
r_000003_00_4Bct_0734_0181_23.07.jpg,7,16,1,27,14
r_000006_00_3Bct_0895_0210_17.79.jpg,7,27,16,18,14
r_000008_00_4Dct_1006_0205_-1.76.jpg,27,7,26,16,18
r_000010_01_4Wct_0346_0258_24.36.jpg,27,12,1,26,22
r_000011_00_2Wct_0398_0278_20.72.jpg,27,12,22,1,17
r_000012_00_1Wct_0460_0293_26.93.jpg,27,1,22,24,11
r_000014_01_0Wct_0583_0317_9.11.jpg,1,24,22,11,12
r_000017_00_0Wct_0759_0369_9.28.jpg,1,24,11,25,16
r_000017_00_4Wct_0759_0369_7.65.jpg,1,24,16,11,17
r_000021_00_2Wct_1026_0390_0.17.jpg,1,25,7,0,27
r_000002_00_3Wct_0259_0194_9.49.jpg,25,13,7,11,1
r_000003_00_4Wct_0289_0199_4.92.jpg,25,11,7,13,5
r_000005_00_3Wct_0363_0196_5.32.jpg,25,13,7,3,11
r_000007_00_4Wct_0415_0165_-5.68.jpg,25,1,7,11,13
r_000008_00_1Wct_0450_0162_1.32.jpg,25,7,1,11,13
r_000012_00_3Wct_0583_0180_2.94.jpg,25,11,13,23,5
r_000013_00_4Wct_0628_0170_-6.86.jpg,25,13,11,23,1
r_000014_00_0Wct_0658_0160_-4.41.jpg,25,3,13,11,23
r_000016_00_1Wct_0712_0130_-4.75.jpg,25,11,13,23,3
r_000017_00_4Wct_0752_0128_-16.82.jpg,25,13,11,23,3
r_000018_00_2Wct_0802_0132_-16.39.jpg,25,13,11,3,23
r_000002_00_1Bct_0286_0217_38.76.jpg,27,1,7,15,16
r_000004_00_0Bct_0363_0242_40.79.jpg,15,16,27,14,7
r_000006_00_2Bct_0417_0253_33.21.jpg,16,15,14,27,7
r_000009_00_2Bct_0462_0287_28.08.jpg,15,16,14,7,1
r_000011_00_2Bct_0491_0326_24.59.jpg,16,14,15,27,7
r_000012_00_0Bct_0512_0341_27.62.jpg,15,14,16,7,27
r_000013_00_1Bct_0545_0349_29.43.jpg,14,1,27,7,15
r_000013_00_2Bct_0545_0349_17.57.jpg,15,14,7,16,1
r_000014_00_3Bct_0582_0353_23.54.jpg,7,14,16,27,1
r_000018_00_2Bct_0750_0329_-20.44.jpg,14,27,12,7,15
r_000020_00_2Bct_0815_0313_-23.11.jpg,14,27,15,16,7
r_000022_00_3Bct_0869_0259_-22.14.jpg,14,7,15,27,16
r_000001_00_0Wct_0263_0476_-5.33.jpg,11,5,14,20,27
r_000002_00_4Wct_0303_0447_-9.46.jpg,11,5,14,20,16
r_000005_00_2Wct_0463_0436_-21.8.jpg,11,20,5,27,25
r_000009_00_1Wct_0702_0377_-10.87.jpg,11,20,5,12,9
r_000010_00_1Wct_0745_0360_-15.86.jpg,11,20,23,5,12
r_000011_00_4Wct_0808_0349_-24.42.jpg,11,12,20,23,25
r_000013_00_1Wct_0948_0315_-15.8.jpg,11,25,23,13,10
r_000014_01_0Wct_0983_0296_-25.38.jpg,11,23,25,13,20
r_000001_00_1Wct_0624_0229_20.25.jpg,1,14,24,17,7
r_000002_00_2Wct_0659_0222_-0.55.jpg,1,13,14,25,3
r_000003_00_1Wct_0692_0221_8.2.jpg,1,13,14,6,25
r_000005_00_2Wct_0776_0241_-12.89.jpg,1,25,7,6,14
r_000006_00_0Wct_0807_0248_-6.13.jpg,1,25,7,4,13
r_000006_00_2Wct_0807_0248_-11.12.jpg,1,25,7,6,14
r_000011_00_0Wct_0971_0213_-12.49.jpg,1,25,13,4,7
r_000012_00_1Wct_0646_0230_30.31.jpg,19,25,0,11,1
r_000013_00_0Wct_0699_0262_22.63.jpg,19,25,11,13,0
r_000013_00_2Wct_0699_0262_17.91.jpg,19,25,13,11,0
r_000015_00_0Wct_0774_0303_18.62.jpg,19,25,11,0,5
r_000015_00_3Wct_0774_0303_25.03.jpg,19,25,13,11,0
r_000020_00_4Wct_0969_0298_-5.6.jpg,19,25,13,0,11
r_000022_00_2Wct_1052_0283_-14.54.jpg,19,25,0,4,23
r_000014_00_3Bct_0412_0216_4.25.jpg,14,16,24,11,5
r_000016_00_0Bct_0554_0222_0.63.jpg,16,24,14,26,5
r_000016_00_3Bct_0554_0222_4.18.jpg,16,24,14,26,6
r_000017_00_1Bct_0655_0202_3.25.jpg,16,26,14,5,27
r_000020_01_1Bct_0918_0134_-11.58.jpg,14,26,24,16,21
r_000005_00_3Bct_0260_0122_7.49.jpg,14,27,20,5,16
r_000006_00_1Bct_0338_0128_11.66.jpg,16,21,14,27,26
r_000007_00_4Bct_0418_0149_3.16.jpg,14,16,26,5,7
r_000009_00_2Bct_0547_0189_5.1.jpg,14,24,5,7,16
r_000013_00_3Bct_0835_0194_5.94.jpg,14,24,16,5,20
r_000013_00_4Bct_0835_0194_-4.53.jpg,14,24,16,11,5
r_000002_00_2Wct_0687_0278_18.18.jpg,25,11,19,3,10
r_000003_00_1Wct_0751_0300_26.27.jpg,25,19,13,10,21
r_000004_00_0Wct_0816_0321_16.5.jpg,25,23,11,3,13
r_000007_01_1Wct_0994_0394_15.17.jpg,25,23,11,0,13
r_000000_01_4Wct_0285_0283_-43.47.jpg,24,11,20,3,22
r_000002_01_3Wct_0359_0259_-43.1.jpg,24,11,17,20,12
r_000004_01_1Wct_0394_0230_-43.25.jpg,24,10,22,1,11
r_000006_01_0Wct_0399_0213_-44.69.jpg,24,17,22,20,10
r_000006_01_4Wct_0399_0213_-48.44.jpg,24,10,17,20,11
r_000010_01_2Wct_0391_0200_-50.25.jpg,24,17,10,20,12
r_000001_00_3Wct_0721_0441_7.7.jpg,25,11,2,9,23
r_000003_00_0Wct_0801_0418_-5.73.jpg,25,11,23,20,5
r_000003_00_4Wct_0801_0418_-12.18.jpg,25,11,5,13,20
r_000006_00_0Wct_0959_0389_-21.37.jpg,25,11,13,23,0
r_000006_00_4Wct_0959_0389_-25.99.jpg,25,13,11,23,0
r_000009_00_0Wct_1059_0314_-28.48.jpg,13,25,10,11,23
r_000019_00_4Wct_0400_0316_6.4.jpg,14,24,27,17,11
r_000020_01_2Wct_0463_0335_7.98.jpg,24,3,17,14,12
r_000022_00_3Wct_0592_0354_13.2.jpg,24,3,11,12,14
r_000022_00_4Wct_0592_0354_6.89.jpg,24,3,11,14,22
r_000023_00_3Wct_0639_0357_10.59.jpg,24,3,22,17,20
r_000004_00_0Wct_0955_0240_4.7.jpg,12,7,8,25,0
r_000005_00_1Wct_0997_0231_5.49.jpg,0,25,12,8,21
r_000006_00_0Wct_1044_0223_-6.76.jpg,0,25,8,11,10
r_000007_00_4Bct_0842_0160_13.93.jpg,27,5,14,20,11
r_000008_00_3Bct_0895_0170_16.65.jpg,5,16,14,20,27
r_000011_01_0Bct_1015_0203_-1.72.jpg,14,27,5,16,21
r_000005_00_4Bct_0271_0156_17.53.jpg,26,14,16,5,20
r_000007_00_3Bct_0393_0159_13.53.jpg,16,26,14,27,7
r_000012_00_4Bct_0672_0157_-17.0.jpg,26,16,14,20,24
r_000013_00_0Bct_0725_0134_-10.77.jpg,26,16,14,24,20
r_000001_00_1Wct_0761_0357_33.42.jpg,18,13,12,9,20
r_000003_00_2Wct_0758_0356_21.34.jpg,18,13,9,2,8
r_000005_00_4Wct_0760_0354_25.24.jpg,18,13,9,12,2
r_000008_00_0Wct_0759_0352_26.59.jpg,18,13,12,9,10
r_000009_00_4Wct_0758_0353_21.54.jpg,18,13,9,20,2
r_000012_00_0Wct_0762_0351_26.36.jpg,18,13,9,2,12
r_000015_00_4Wct_0760_0353_24.18.jpg,13,18,8,9,2
r_000017_00_1Wct_0767_0351_30.02.jpg,13,18,9,3,20
r_000017_00_3Wct_0767_0351_29.11.jpg,18,13,9,3,20
r_000020_00_1Wct_0794_0378_21.97.jpg,18,13,9,8,20
r_000025_00_0Wct_0904_0381_9.0.jpg,18,12,8,9,13
r_000026_00_3Wct_0933_0368_3.78.jpg,18,13,12,8,20
r_000004_00_0Wct_0513_0109_2.12.jpg,11,1,25,14,20
r_000004_00_2Wct_0513_0109_-4.36.jpg,11,20,1,24,5
r_000005_00_3Wct_0546_0112_7.66.jpg,20,11,2,1,14
r_000006_00_1Wct_0593_0111_9.82.jpg,1,11,20,2,15
r_000003_00_2Wct_0768_0144_1.4.jpg,2,13,3,20,9
r_000003_00_4Wct_0768_0144_3.95.jpg,13,3,2,6,9
r_000005_00_4Wct_0838_0158_3.66.jpg,13,20,9,2,6
r_000019_00_4Wct_0646_0118_6.69.jpg,11,14,27,5,12
r_000020_00_0Wct_0670_0134_7.51.jpg,11,10,14,20,22
r_000024_00_1Wct_0835_0121_9.16.jpg,10,12,22,17,20
r_000003_00_3Wct_0797_0250_47.52.jpg,13,20,24,10,2
r_000004_00_1Wct_0849_0277_45.81.jpg,2,13,10,24,19
r_000006_00_1Wct_0923_0318_40.85.jpg,13,20,2,24,10
r_000007_00_3Wct_0959_0360_33.41.jpg,20,24,13,19,14
r_000000_00_2Bct_0274_0145_-1.65.jpg,26,16,7,24,15
r_000002_00_2Bct_0387_0153_-5.03.jpg,16,14,6,27,24
r_000003_00_0Bct_0459_0167_-1.38.jpg,16,14,7,24,6
r_000005_00_4Bct_0550_0167_-8.52.jpg,16,14,7,1,24
r_000000_00_3Tct_0642_0337_32.87.jpg,16,1,27,24,7
r_000002_00_4Tct_0730_0406_22.94.jpg,27,1,16,14,15
r_000007_00_1Tct_0971_0449_13.04.jpg,16,14,27,7,24
r_000009_00_0Tct_1008_0463_3.67.jpg,16,14,15,7,26
r_000009_00_4Tct_1008_0463_0.17.jpg,16,14,15,7,26
r_000013_00_1Tct_1045_0494_8.65.jpg,16,15,26,7,14
r_000014_00_0Tct_1047_0495_2.75.jpg,16,15,26,14,7
r_000016_00_2Tct_1063_0497_-3.44.jpg,16,26,15,7,14
r_000018_00_3Tct_1072_0504_5.96.jpg,16,27,14,7,15
r_000015_00_3Wct_0376_0316_18.06.jpg,12,21,23,19,25
r_000015_00_4Wct_0376_0316_7.59.jpg,12,21,19,23,25
r_000018_00_0Wct_0559_0313_1.72.jpg,12,23,21,8,19
r_000021_00_3Wct_0756_0319_3.07.jpg,23,12,21,8,19
r_000022_00_4Wct_0811_0316_-6.86.jpg,23,12,21,8,10
r_000024_00_1Wct_0922_0272_-9.34.jpg,21,23,12,19,25
r_000036_01_1Dct_0245_0285_28.42.jpg,23,21,25,13,19
r_000038_01_1Wct_0282_0281_19.24.jpg,23,21,25,13,19
r_000039_00_2Wct_0312_0289_2.52.jpg,21,23,25,19,13
r_000040_00_0Wct_0353_0290_4.64.jpg,21,23,25,19,13
r_000040_00_2Wct_0353_0290_-0.98.jpg,21,23,25,13,19
r_000041_00_4Wct_0395_0290_-3.48.jpg,21,23,25,19,13
r_000048_00_4Wct_0695_0271_-10.9.jpg,23,21,19,25,1
r_000050_00_1Wct_0785_0262_-0.57.jpg,23,21,19,12,3
r_000052_00_2Wct_0841_0233_-11.48.jpg,23,19,21,12,13
r_000005_00_0Wct_0528_0304_1.38.jpg,3,2,8,13,15
r_000006_00_0Wct_0583_0302_-0.23.jpg,3,8,1,25,15
r_000006_00_3Wct_0583_0302_3.3.jpg,3,8,15,19,13
r_000007_00_3Wct_0626_0305_-0.61.jpg,3,1,8,15,25
r_000010_00_3Wct_0813_0316_-2.19.jpg,3,2,13,15,8
r_000012_00_0Wct_0932_0306_-9.0.jpg,25,15,3,11,1
r_000009_00_0Wct_0371_0327_-1.6.jpg,12,14,7,5,27
r_000012_00_2Wct_0599_0343_-6.01.jpg,14,12,5,20,27
r_000012_00_4Wct_0599_0343_-4.25.jpg,14,12,5,20,27
r_000014_00_2Wct_0765_0340_-6.18.jpg,14,5,12,20,1
r_000017_00_3Wct_0998_0324_-1.18.jpg,12,5,14,27,11
r_000011_00_0Wct_0420_0141_22.4.jpg,19,13,25,4,11
r_000011_00_4Wct_0420_0141_17.26.jpg,19,13,25,11,20
r_000014_00_0Wct_0479_0169_13.81.jpg,19,25,13,17,10
r_000017_00_0Wct_0574_0180_4.76.jpg,19,13,25,5,20
r_000018_00_1Wct_0596_0174_8.8.jpg,19,25,13,11,4
r_000021_00_2Wct_0704_0145_-12.55.jpg,19,13,25,0,4
r_000024_00_1Wct_0802_0124_-14.06.jpg,13,19,25,23,0
r_000023_00_4Wct_0495_0194_35.3.jpg,25,13,21,19,23
r_000030_00_0Bct_0765_0347_22.46.jpg,21,25,13,19,18
r_000030_00_1Bct_0765_0347_27.63.jpg,21,25,19,13,8
r_000032_00_3Bct_0831_0351_18.67.jpg,21,25,19,13,18
r_000033_00_0Bct_0854_0358_14.55.jpg,21,25,19,13,18
r_000033_00_3Bct_0854_0358_16.67.jpg,21,19,25,8,18
r_000035_00_2Bct_0898_0383_7.11.jpg,21,13,19,18,23
r_000038_00_3Wct_1020_0429_21.48.jpg,21,23,25,13,19
r_000002_00_3Wct_0243_0220_-3.05.jpg,25,13,10,11,7
r_000006_00_2Wct_0407_0155_-10.01.jpg,25,7,11,19,13
r_000006_00_3Wct_0407_0155_0.75.jpg,25,7,11,13,3
r_000006_00_4Wct_0407_0155_-10.32.jpg,25,7,11,1,13
r_000007_00_0Wct_0461_0143_-10.2.jpg,25,11,7,18,10
r_000010_00_0Wct_0609_0143_-9.91.jpg,25,11,7,10,1
r_000000_00_0Bct_0461_0386_-0.4.jpg,16,6,24,1,26
r_000008_00_3Bct_0897_0363_-4.41.jpg,16,24,6,26,7
r_000008_00_4Bct_0897_0363_-12.35.jpg,16,24,6,1,7
r_000009_00_3Bct_0960_0364_2.54.jpg,24,16,6,13,11
r_000009_00_4Bct_0960_0364_-5.89.jpg,16,24,6,26,7
r_000011_00_0Bct_1050_0374_-0.97.jpg,6,7,25,24,16
r_000000_00_3Bct_0570_0237_54.57.jpg,20,26,5,2,9
r_000005_00_0Bct_0577_0229_53.74.jpg,20,26,27,5,14
r_000008_00_4Bct_0574_0228_54.0.jpg,20,26,27,5,14
r_000009_00_0Bct_0570_0226_53.8.jpg,20,26,5,27,2
r_000011_00_3Bct_0577_0230_56.01.jpg,20,26,9,12,2
r_000012_00_0Bct_0570_0223_53.63.jpg,20,26,27,9,12
r_000013_00_2Bct_0577_0231_46.58.jpg,20,26,27,5,2
r_000014_00_0Bct_0583_0240_51.45.jpg,20,26,9,2,5
r_000014_00_4Bct_0583_0240_46.42.jpg,26,20,5,9,2
r_000015_00_2Bct_0577_0238_46.88.jpg,20,26,27,1,14
r_000017_00_1Bct_0580_0237_57.63.jpg,20,26,2,5,9
r_000023_00_0Bct_0571_0228_57.24.jpg,20,26,2,9,5
r_000024_00_4Bct_0575_0227_51.19.jpg,20,26,27,2,16
r_000017_00_3Wct_0401_0280_-10.83.jpg,12,25,21,19,23
r_000019_00_1Wct_0663_0216_-17.52.jpg,12,23,21,19,25
r_000021_00_2Wct_0844_0153_-35.31.jpg,19,12,23,21,25
r_000000_00_1Wct_0854_0262_39.65.jpg,5,27,11,14,16
r_000001_00_0Wct_0889_0282_33.4.jpg,5,14,27,16,17
r_000004_00_0Wct_0958_0361_35.7.jpg,5,16,14,25,24
r_000009_00_1Wct_1081_0454_42.42.jpg,5,14,27,16,10
r_000009_00_4Wct_1081_0454_35.31.jpg,14,5,27,10,12
r_000017_00_0Wct_0307_0366_-7.51.jpg,25,21,11,12,23
r_000018_00_2Wct_0352_0369_-13.74.jpg,25,12,21,11,19
r_000020_00_3Wct_0470_0363_-2.21.jpg,23,25,11,19,12
r_000023_00_0Wct_0617_0297_-15.58.jpg,23,11,25,21,12
r_000023_00_2Wct_0617_0297_-20.04.jpg,23,25,11,21,12
r_000003_00_3Wct_0401_0190_2.79.jpg,14,16,7,27,24
r_000003_00_4Wct_0401_0190_-6.43.jpg,14,16,27,7,15
r_000008_00_2Dct_0669_0153_-11.13.jpg,14,5,24,16,11
r_000010_00_1Wct_0755_0173_0.14.jpg,5,14,16,20,27
r_000010_00_4Wct_0755_0173_-6.05.jpg,5,14,27,20,1
r_000012_00_2Wct_0812_0176_-6.59.jpg,16,14,5,17,12
r_000015_00_1Wct_0863_0151_4.72.jpg,16,2,14,1,9
r_000015_00_3Wct_0863_0151_7.15.jpg,2,14,16,7,9
r_000020_00_4Wct_0879_0135_2.67.jpg,14,17,16,2,7
r_000021_00_1Dct_0889_0138_9.75.jpg,14,5,2,20,16
r_000022_00_1Wct_0904_0143_8.42.jpg,14,24,5,20,2
r_000024_00_3Wct_1001_0156_6.57.jpg,14,27,24,5,20
r_000000_00_4Wct_0570_0234_25.04.jpg,11,24,1,27,5
r_000001_00_2Wct_0615_0248_19.96.jpg,27,11,24,3,22
r_000003_00_0Wct_0699_0257_20.91.jpg,11,27,12,20,24
r_000006_00_1Wct_0860_0271_7.7.jpg,11,27,12,14,15
r_000007_00_3Wct_0906_0286_7.08.jpg,12,11,5,3,27
r_000011_01_0Wct_0429_0327_-27.27.jpg,12,11,14,5,27
r_000011_01_2Wct_0429_0327_-33.29.jpg,12,11,14,25,18
r_000014_00_1Wct_0673_0223_-23.52.jpg,12,11,14,5,27
r_000015_00_0Wct_0723_0182_-31.86.jpg,12,20,18,14,11
r_000004_00_2Bct_0586_0162_21.24.jpg,26,14,16,20,9
r_000007_00_1Bct_0724_0159_13.93.jpg,26,14,20,5,16
r_000009_00_2Bct_0819_0155_-5.9.jpg,26,14,20,5,16
r_000010_00_0Bct_0847_0156_-2.46.jpg,26,14,20,5,16
r_000012_00_1Bct_0927_0150_-3.24.jpg,26,14,16,20,21
r_000003_00_2Bct_0822_0234_-8.81.jpg,14,27,1,11,16
r_000005_00_3Bct_0916_0222_-0.95.jpg,14,27,11,1,20
r_000006_00_3Bct_0977_0209_-3.83.jpg,27,14,11,20,1
r_000007_00_3Bct_1022_0176_-12.64.jpg,27,14,20,16,21
r_000020_00_0Wct_0745_0191_9.34.jpg,10,5,12,18,21
r_000020_00_2Wct_0745_0191_3.14.jpg,10,5,12,18,21
r_000025_00_0Wct_0937_0173_5.27.jpg,10,5,18,12,13
r_000026_00_4Wct_0981_0166_-0.98.jpg,10,5,18,12,20
r_000020_01_3Wct_0360_0278_34.8.jpg,17,20,14,5,19
r_000020_01_4Wct_0360_0278_28.1.jpg,17,20,10,14,7
r_000021_01_0Wct_0363_0279_32.31.jpg,17,20,19,10,7
r_000021_01_1Wct_0363_0279_37.38.jpg,17,20,5,14,10
r_000021_01_2Wct_0363_0279_26.27.jpg,17,14,20,10,19
r_000021_01_3Wct_0363_0279_39.01.jpg,20,17,10,5,19
r_000021_01_4Wct_0363_0279_31.02.jpg,17,20,14,19,7
r_000000_00_4Wct_0879_0156_13.91.jpg,23,19,13,21,12
r_000001_00_1Wct_0899_0153_21.56.jpg,19,23,12,21,25
r_000002_00_0Wct_0922_0153_10.6.jpg,12,19,23,21,13
r_000004_00_0Wct_0938_0161_9.17.jpg,12,21,23,19,10
r_000007_00_1Wct_0940_0172_15.96.jpg,23,12,21,19,13
r_000009_00_1Wct_0942_0174_15.43.jpg,23,12,21,19,18
r_000010_00_4Wct_0943_0175_5.42.jpg,23,12,21,19,10
r_000016_00_0Wct_0960_0180_11.69.jpg,19,12,23,21,4
r_000018_00_3Wct_1003_0208_19.21.jpg,23,19,12,25,21
r_000019_00_1Wct_0634_0145_25.76.jpg,23,19,25,3,21
r_000022_00_1Wct_0695_0175_29.64.jpg,19,23,1,25,4
r_000025_00_4Wct_0768_0175_17.33.jpg,23,19,3,4,21
r_000002_00_4Wct_0257_0356_-8.46.jpg,11,25,19,20,12
r_000003_00_4Wct_0303_0348_-6.85.jpg,11,25,12,5,19
r_000005_00_2Wct_0401_0321_-14.91.jpg,11,25,5,27,19
r_000006_00_1Wct_0454_0301_-9.47.jpg,11,5,12,19,3
r_000006_00_2Wct_0454_0301_-19.35.jpg,11,12,25,5,27
r_000006_00_3Wct_0454_0301_-11.81.jpg,11,12,5,25,20
r_000006_00_4Wct_0454_0301_-20.13.jpg,11,25,12,5,13
r_000008_00_2Wct_0566_0274_-25.92.jpg,11,25,12,27,5
r_000007_00_1Wct_0686_0179_19.74.jpg,22,20,14,12,11
r_000009_00_1Wct_0798_0204_14.29.jpg,10,1,9,12,2
r_000009_00_2Wct_0798_0204_2.35.jpg,1,10,9,2,12
r_000010_00_0Wct_0866_0207_4.18.jpg,11,1,2,24,9
r_000002_00_4Wct_0698_0309_1.02.jpg,18,13,12,8,20
r_000004_00_0Wct_0721_0333_11.75.jpg,18,13,20,12,10
r_000004_00_2Wct_0721_0333_6.75.jpg,18,13,20,10,9
r_000005_00_1Wct_0731_0338_20.81.jpg,13,18,20,9,12
r_000005_00_3Wct_0731_0338_22.55.jpg,13,18,20,10,12
r_000007_00_2Wct_0741_0331_18.82.jpg,18,9,13,12,2
r_000008_00_3Wct_0742_0330_30.14.jpg,18,13,12,20,10
r_000012_00_1Wct_0760_0344_37.24.jpg,13,18,9,20,12
r_000014_00_1Wct_0764_0347_31.92.jpg,18,13,12,19,9
r_000023_00_3Wct_0762_0352_35.74.jpg,13,18,9,20,12
r_000023_00_4Wct_0762_0352_27.97.jpg,18,13,12,10,20
r_000003_00_3Wct_0900_0237_21.27.jpg,19,25,3,23,1
r_000004_00_4Wct_0928_0259_15.84.jpg,23,19,25,3,21
r_000005_00_1Wct_0961_0273_27.52.jpg,19,3,25,23,21
r_000007_00_4Wct_1052_0292_25.98.jpg,25,19,23,21,3
r_000006_00_4Wct_0559_0335_1.54.jpg,3,2,11,12,17
r_000007_00_0Wct_0618_0331_2.69.jpg,3,5,11,4,25
r_000007_00_1Wct_0618_0331_7.32.jpg,3,4,5,25,23
r_000007_00_2Wct_0618_0331_-1.9.jpg,11,3,5,12,8
r_000007_00_3Wct_0618_0331_5.27.jpg,3,4,5,11,23
r_000007_00_4Wct_0618_0331_0.18.jpg,3,25,5,11,23
r_000008_00_0Wct_0664_0318_-1.32.jpg,3,5,25,11,8
r_000013_00_0Bct_0784_0317_30.48.jpg,14,24,20,5,16
r_000013_00_1Bct_0784_0317_35.44.jpg,14,24,20,5,16
r_000013_00_2Bct_0784_0317_24.46.jpg,14,24,20,5,16
r_000013_00_3Bct_0784_0317_35.13.jpg,14,24,20,16,5
r_000015_00_0Bct_0882_0372_27.5.jpg,14,20,5,24,10
r_000016_00_1Bct_0956_0393_22.79.jpg,14,20,24,10,5
r_000019_00_3Wct_0492_0225_18.37.jpg,0,8,5,14,19
r_000021_00_2Wct_0628_0257_-1.14.jpg,0,5,8,3,25
r_000022_00_1Wct_0690_0256_3.01.jpg,0,8,5,25,14
r_000022_00_3Wct_0690_0256_3.41.jpg,0,8,5,25,14
r_000024_00_0Wct_0819_0237_-15.18.jpg,0,8,18,10,3
r_000005_00_0Bct_0524_0254_13.46.jpg,26,14,5,24,20
r_000005_00_1Bct_0524_0254_17.52.jpg,26,14,5,24,20
r_000005_00_2Bct_0524_0254_6.59.jpg,26,16,18,24,5
r_000005_00_3Bct_0524_0254_16.67.jpg,26,14,5,24,10
r_000005_00_4Bct_0524_0254_10.9.jpg,26,24,14,16,5
r_000006_00_1Bct_0566_0272_13.42.jpg,14,26,5,20,16
r_000002_00_2Wct_0631_0353_-16.78.jpg,12,14,5,7,20
r_000002_00_4Wct_0631_0353_-12.56.jpg,12,14,7,5,27
r_000003_00_3Wct_0700_0356_-4.32.jpg,12,20,14,1,7
r_000004_00_3Wct_0765_0346_-10.97.jpg,12,14,7,17,1
r_000008_00_1Wct_1005_0254_-12.04.jpg,12,14,27,5,16
r_000005_00_0Wct_0616_0164_11.75.jpg,27,14,11,5,12
r_000007_00_1Wct_0746_0182_6.73.jpg,27,11,12,20,13
r_000007_00_3Wct_0746_0182_3.84.jpg,27,11,12,20,13
r_000011_00_3Wct_0988_0193_-4.07.jpg,27,12,11,16,24
r_000008_00_2Wct_0556_0275_-22.72.jpg,5,10,14,25,11
r_000008_00_3Wct_0556_0275_-13.15.jpg,5,10,25,14,20
r_000008_00_4Wct_0556_0275_-21.65.jpg,5,10,14,25,3
r_000009_00_0Wct_0586_0279_-17.7.jpg,10,5,25,14,20
r_000009_00_1Wct_0586_0279_-10.86.jpg,10,5,25,14,17
r_000009_00_3Wct_0586_0279_-15.83.jpg,10,5,14,20,17
r_000009_00_4Wct_0586_0279_-21.33.jpg,10,5,14,25,17
r_000010_00_0Wct_0636_0273_-16.79.jpg,10,5,14,17,11
r_000010_00_1Wct_0636_0273_-11.26.jpg,10,5,14,25,11
r_000001_00_0Wct_0356_0231_-17.48.jpg,25,11,7,5,1
r_000001_00_1Wct_0356_0231_-12.71.jpg,25,11,7,5,8
r_000004_00_0Wct_0429_0214_-15.87.jpg,25,8,7,19,1
r_000004_00_1Wct_0429_0214_-10.9.jpg,25,8,19,7,3
r_000004_00_2Wct_0429_0214_-20.39.jpg,25,8,11,7,5
r_000006_00_1Wct_0307_0280_10.42.jpg,23,25,21,19,13
r_000006_00_3Wct_0307_0280_5.3.jpg,23,25,21,19,13
r_000006_00_4Wct_0307_0280_-2.28.jpg,23,25,21,11,0
r_000007_00_0Wct_0356_0298_1.38.jpg,23,25,21,11,19
r_000011_00_4Wct_0586_0334_4.66.jpg,23,25,21,13,19
r_000012_00_3Wct_0645_0325_5.53.jpg,23,25,21,0,19
r_000003_01_0Bct_0973_0147_13.64.jpg,15,19,6,18,1
r_000003_01_1Bct_0973_0147_18.14.jpg,15,19,6,16,18
r_000003_01_2Bct_0973_0147_9.06.jpg,15,19,6,18,26
r_000003_01_3Bct_0973_0147_16.33.jpg,15,6,19,18,4
r_000003_01_4Bct_0973_0147_10.83.jpg,15,19,6,18,16
r_000004_01_0Bct_0971_0145_11.69.jpg,15,6,19,18,4
r_000006_00_1Bct_0985_0148_15.57.jpg,15,6,16,19,26
r_000003_00_1Tct_0348_0202_12.87.jpg,16,24,14,26,27
r_000004_00_1Tct_0410_0201_12.02.jpg,16,14,27,24,11
r_000005_00_4Bct_0499_0217_3.64.jpg,27,14,16,11,24
r_000006_00_0Bct_0573_0239_6.36.jpg,14,27,16,24,11
r_000007_00_2Tct_0667_0254_1.13.jpg,16,1,24,27,11
r_000022_00_0Dct_0400_0105_2.23.jpg,16,24,14,6,1
r_000022_00_1Dct_0400_0105_9.0.jpg,14,20,24,16,11
r_000022_00_2Dct_0400_0105_-4.39.jpg,16,24,14,20,6
r_000022_00_3Dct_0400_0105_7.82.jpg,16,24,14,20,6
r_000002_00_0Bct_0432_0351_-8.08.jpg,15,14,27,12,1
r_000002_00_1Bct_0432_0351_-3.17.jpg,15,14,27,1,7
r_000002_00_2Bct_0432_0351_-12.53.jpg,15,27,14,1,12
r_000002_00_3Bct_0432_0351_-1.46.jpg,15,14,1,27,11
r_000002_00_4Bct_0432_0351_-13.61.jpg,15,27,14,1,11
r_000003_00_1Bct_0492_0348_-2.13.jpg,15,14,7,16,12
r_000003_00_2Bct_0492_0348_-12.8.jpg,15,12,14,7,27
r_000001_00_0Wct_0555_0271_28.88.jpg,20,10,7,1,12
r_000001_00_1Wct_0555_0271_34.64.jpg,10,20,24,11,7
r_000001_00_2Wct_0555_0271_22.09.jpg,20,10,12,11,2
r_000001_00_3Wct_0555_0271_30.72.jpg,20,18,10,11,12
r_000003_00_0Wct_0579_0304_33.8.jpg,24,20,17,10,18
r_000003_00_1Wct_0579_0304_39.41.jpg,10,24,12,20,17
r_000003_00_2Wct_0579_0304_28.71.jpg,10,20,24,17,13
r_000003_00_3Wct_0579_0304_39.28.jpg,10,12,24,20,17
r_000003_00_4Wct_0579_0304_28.45.jpg,10,20,17,24,13
r_000004_00_0Wct_0575_0307_-142.72.jpg,10,17,19,12,7
r_000004_00_1Wct_0575_0307_-136.2.jpg,10,17,19,3,12
r_000004_00_2Wct_0575_0307_-148.66.jpg,10,12,19,17,7
r_000004_00_3Wct_0575_0307_-138.92.jpg,10,17,19,12,7
r_000011_00_4Wct_0452_0244_52.52.jpg,26,20,5,2,24
r_000012_00_0Wct_0461_0251_57.3.jpg,26,2,20,12,24
r_000012_00_1Wct_0461_0251_61.85.jpg,26,2,20,9,1
r_000012_00_2Wct_0461_0251_52.8.jpg,20,26,2,12,5
r_000012_00_3Wct_0461_0251_63.16.jpg,26,20,2,1,9
r_000012_00_4Wct_0461_0251_53.95.jpg,26,20,2,12,5
r_000013_00_4Wct_0467_0253_55.46.jpg,26,20,2,24,12
r_000014_00_0Wct_0474_0263_59.47.jpg,20,26,12,2,5
r_000003_00_4Wct_0308_0263_11.66.jpg,11,25,5,0,3
r_000004_00_0Wct_0362_0274_15.93.jpg,11,25,27,5,0
r_000004_00_1Wct_0362_0274_22.29.jpg,11,27,5,20,25
r_000004_00_2Wct_0362_0274_10.66.jpg,11,25,5,0,14
r_000004_00_3Wct_0362_0274_19.94.jpg,11,25,5,27,3
r_000005_00_4Wct_0399_0290_10.32.jpg,25,11,5,0,17
r_000006_00_0Wct_0447_0304_15.13.jpg,11,25,1,5,0
r_000006_00_1Wct_0447_0304_19.45.jpg,11,27,5,25,19
r_000002_00_0Wct_0384_0330_5.79.jpg,23,21,25,11,10
r_000002_00_1Wct_0384_0330_10.85.jpg,23,21,25,10,11
r_000002_00_2Wct_0384_0330_0.48.jpg,23,21,10,25,11
r_000003_00_1Wct_0427_0330_10.97.jpg,23,21,25,11,12
r_000003_00_2Wct_0427_0330_0.72.jpg,23,21,25,11,19
r_000003_00_3Wct_0427_0330_12.43.jpg,23,21,25,11,10
r_000003_00_4Wct_0427_0330_2.84.jpg,23,21,11,25,12
r_000004_00_0Wct_0484_0324_8.77.jpg,23,21,11,25,12
r_000005_00_1Wct_0537_0313_11.18.jpg,23,25,11,21,10
r_000005_00_2Wct_0537_0313_1.12.jpg,23,11,25,21,10
r_000004_00_3Bct_0724_0141_6.69.jpg,15,6,19,4,26
r_000004_00_4Bct_0724_0141_-1.18.jpg,15,6,19,4,16
r_000005_00_0Bct_0755_0138_0.97.jpg,15,6,19,26,4
r_000005_00_1Bct_0755_0138_6.15.jpg,15,6,4,19,2
r_000002_00_4Bct_0850_0115_-2.97.jpg,6,4,16,21,3
r_000003_00_0Bct_0852_0115_2.52.jpg,6,21,7,25,22
r_000003_00_1Bct_0852_0115_7.78.jpg,6,21,11,7,1
r_000004_00_4Bct_0851_0115_1.04.jpg,6,16,21,12,4
r_000005_00_0Bct_0853_0115_1.72.jpg,6,16,21,4,18
r_000005_00_1Bct_0853_0115_5.79.jpg,6,21,16,1,11
r_000005_00_2Bct_0853_0115_-3.72.jpg,6,16,7,21,1
r_000014_00_1Dct_0665_0205_22.11.jpg,26,24,7,14,17
r_000014_00_2Dct_0665_0205_10.24.jpg,26,24,7,17,18
r_000014_00_3Dct_0665_0205_21.41.jpg,26,24,7,14,17
r_000015_00_2Dct_0707_0205_5.15.jpg,26,24,18,16,7
r_000015_00_3Dct_0707_0205_11.2.jpg,26,24,18,7,5
r_000015_00_4Dct_0707_0205_5.9.jpg,26,24,18,16,5
r_000017_00_3Wct_0273_0475_11.05.jpg,26,9,24,20,2
r_000019_00_4Wct_0432_0475_1.18.jpg,9,14,2,20,24
r_000020_00_0Wct_0506_0473_3.72.jpg,9,2,20,14,24
r_000020_00_4Wct_0506_0473_1.27.jpg,9,2,14,20,24
r_000022_00_3Wct_0648_0488_8.93.jpg,9,24,2,20,10
r_000002_00_2Bct_0432_0252_-16.93.jpg,14,11,16,6,7
r_000002_00_3Dct_0432_0252_-10.26.jpg,14,11,16,1,24
r_000002_00_4Bct_0432_0252_-15.74.jpg,14,11,16,1,7
r_000003_00_0Bct_0486_0245_-13.06.jpg,14,11,1,24,7
r_000011_00_0Wct_0765_0238_7.62.jpg,27,14,16,11,1
r_000011_00_1Wct_0765_0238_12.12.jpg,14,27,16,11,24
r_000011_00_3Wct_0765_0238_13.08.jpg,14,27,16,11,24
r_000011_00_4Wct_0765_0238_4.04.jpg,14,27,11,16,24
r_000012_00_0Wct_0833_0257_3.95.jpg,27,11,16,14,1
r_000003_00_4Wct_0372_0505_-10.6.jpg,26,20,27,24,5
r_000004_00_0Wct_0425_0490_-4.98.jpg,20,26,5,24,14
r_000004_00_1Wct_0425_0490_-0.85.jpg,24,20,26,5,14
r_000004_00_2Wct_0425_0490_-10.2.jpg,20,24,26,5,14
r_000015_00_1Wct_0963_0267_-22.0.jpg,24,20,26,14,9
r_000015_00_2Wct_0963_0267_-34.2.jpg,24,20,27,14,26
r_000015_00_3Wct_0963_0267_-23.29.jpg,24,26,20,14,5
r_000016_00_4Wct_1000_0243_-39.28.jpg,27,26,20,14,24
r_000006_00_2Dct_0397_0337_-22.39.jpg,14,16,11,27,1
r_000006_00_3Dct_0397_0337_-14.93.jpg,16,14,11,27,6
r_000007_00_2Dct_0457_0330_-28.94.jpg,16,14,27,24,11
r_000007_00_3Dct_0457_0330_-19.99.jpg,14,16,11,27,24
r_000003_00_2Bct_0225_0356_-26.07.jpg,14,5,11,1,9
r_000005_00_2Dct_0312_0287_-27.19.jpg,14,5,1,25,7
r_000005_00_3Dct_0312_0287_-19.1.jpg,14,5,1,7,27
r_000005_00_4Dct_0312_0287_-24.67.jpg,14,5,1,27,25
r_000010_00_4Bct_0583_0189_-28.19.jpg,14,1,5,27,17
r_000003_00_0Bct_0671_0154_-0.69.jpg,14,27,11,1,7
r_000003_00_1Bct_0671_0154_6.0.jpg,14,27,11,1,15
r_000003_00_2Bct_0671_0154_-6.1.jpg,14,27,1,16,11
r_000003_00_3Bct_0671_0154_5.56.jpg,14,27,11,15,1
r_000003_00_4Bct_0671_0154_-3.2.jpg,14,1,27,16,15
r_000007_00_2Wct_0356_0253_2.81.jpg,12,10,20,3,14
r_000007_00_3Wct_0356_0253_11.35.jpg,12,10,3,14,20
r_000007_00_4Wct_0356_0253_0.68.jpg,12,10,20,14,11
r_000008_00_0Wct_0376_0253_6.13.jpg,12,10,3,18,20
r_000008_00_1Wct_0376_0253_12.27.jpg,12,10,3,18,22
r_000003_00_0Bct_0235_0201_6.3.jpg,24,16,26,7,6
r_000003_00_1Bct_0235_0201_12.59.jpg,24,7,26,16,1
r_000003_00_2Bct_0235_0201_0.9.jpg,26,7,24,16,11
r_000003_00_3Bct_0235_0201_12.45.jpg,24,7,26,16,1
r_000003_00_4Bct_0235_0201_1.17.jpg,26,24,7,16,25
r_000018_00_0Bct_0603_0167_-7.91.jpg,6,26,22,1,7
r_000018_00_1Bct_0603_0167_-2.3.jpg,6,26,16,4,22
r_000018_00_2Bct_0603_0167_-13.32.jpg,6,26,22,16,9
r_000018_00_3Bct_0603_0167_-1.33.jpg,6,26,16,22,4
r_000018_00_4Bct_0603_0167_-14.33.jpg,6,26,16,22,1
r_000002_00_0Wct_0390_0325_19.48.jpg,23,12,19,21,3
r_000002_00_1Wct_0390_0325_25.21.jpg,12,23,19,21,25
r_000002_00_2Wct_0390_0325_13.52.jpg,19,12,23,21,10
r_000002_00_3Wct_0390_0325_25.92.jpg,19,12,23,21,11
r_000002_00_4Wct_0390_0325_16.27.jpg,19,23,12,21,25
r_000003_00_0Wct_0439_0347_18.96.jpg,23,19,12,21,25
r_000020_00_4Bct_0570_0167_-17.24.jpg,16,1,26,27,11
r_000021_00_0Bct_0621_0148_-16.39.jpg,1,11,27,26,16
r_000021_00_1Bct_0621_0148_-11.02.jpg,1,27,16,26,11
r_000021_00_2Bct_0621_0148_-22.94.jpg,16,26,1,11,24
r_000021_00_3Bct_0621_0148_-11.18.jpg,1,27,16,26,11
r_000021_00_4Bct_0621_0148_-18.74.jpg,26,16,1,11,27
r_000022_00_0Bct_0670_0142_-17.07.jpg,1,16,11,27,26
r_000023_00_0Bct_0723_0144_-15.76.jpg,1,16,11,26,27
r_000025_00_0Bct_0809_0134_-14.09.jpg,26,16,1,24,7
r_000025_00_1Bct_0809_0134_-8.32.jpg,26,1,16,7,11
r_000000_00_3Wct_0628_0190_25.53.jpg,5,20,3,25,13
r_000003_00_1Wct_0762_0229_9.76.jpg,13,5,20,3,0
r_000003_00_2Wct_0762_0229_-0.44.jpg,13,5,20,3,12
r_000003_00_3Wct_0762_0229_9.82.jpg,13,5,3,20,0
r_000003_00_4Wct_0762_0229_1.06.jpg,13,20,5,12,3
r_000000_00_1Bct_0574_0237_43.07.jpg,27,1,15,20,24
r_000000_00_2Bct_0574_0237_31.6.jpg,27,1,20,15,24
r_000000_00_3Bct_0574_0237_39.64.jpg,27,15,20,1,26
r_000013_00_4Bct_0928_0334_10.15.jpg,26,24,1,27,20
r_000014_00_0Bct_0957_0324_10.37.jpg,26,24,16,1,20
r_000014_00_1Bct_0957_0324_16.4.jpg,26,24,16,1,27
r_000014_00_2Bct_0957_0324_4.68.jpg,16,26,21,1,27
r_000014_00_3Bct_0957_0324_13.49.jpg,24,26,1,16,11
r_000014_00_4Bct_0957_0324_3.51.jpg,16,26,21,20,24
r_000002_00_0Bct_0493_0179_11.23.jpg,24,14,16,6,20
r_000004_00_0Bct_0585_0184_7.68.jpg,24,16,6,1,9
r_000004_00_1Bct_0585_0184_14.51.jpg,24,6,16,1,9
r_000004_00_2Bct_0585_0184_2.25.jpg,6,9,2,16,24
r_000004_00_3Bct_0585_0184_14.52.jpg,24,6,16,1,9
r_000010_00_0Bct_0935_0148_-13.64.jpg,1,24,11,6,25
r_000018_00_4Wct_0624_0332_-31.42.jpg,25,13,11,7,3
r_000019_01_0Wct_0699_0304_-27.1.jpg,25,11,13,7,5
r_000019_01_1Wct_0699_0304_-23.02.jpg,25,7,11,5,3
r_000019_01_2Wct_0699_0304_-33.18.jpg,25,7,11,13,20
r_000019_01_3Wct_0699_0304_-21.49.jpg,25,7,11,5,3
r_000023_01_0Wct_0900_0205_-28.25.jpg,25,7,10,5,11
r_000000_00_3Wct_0272_0266_10.33.jpg,13,25,11,20,10
r_000003_00_2Wct_0433_0286_1.32.jpg,11,25,24,5,20
r_000003_00_3Wct_0433_0286_8.48.jpg,11,25,24,5,3
r_000003_00_4Wct_0433_0286_3.06.jpg,11,25,24,5,3
r_000004_00_0Wct_0512_0277_3.21.jpg,11,25,20,24,10
r_000004_00_1Wct_0512_0277_9.11.jpg,11,20,24,10,25
r_000018_00_3Dct_0422_0163_1.09.jpg,16,26,14,6,9
r_000021_00_3Bct_0592_0142_-3.09.jpg,14,26,16,6,9
r_000021_00_4Bct_0592_0142_-11.49.jpg,14,26,20,9,16
r_000022_00_0Bct_0632_0146_-6.47.jpg,14,16,26,9,6
r_000022_00_1Bct_0632_0146_-0.89.jpg,16,14,6,26,9
r_000022_00_4Bct_0632_0146_-9.13.jpg,14,9,26,6,5
r_000005_00_0Dct_0416_0273_-1.15.jpg,27,14,5,11,16
r_000005_00_1Dct_0416_0273_4.38.jpg,27,14,5,11,16
r_000005_00_2Dct_0416_0273_-5.82.jpg,14,27,5,11,16
r_000005_00_3Dct_0416_0273_3.54.jpg,27,14,5,16,11
r_000005_00_4Dct_0416_0273_-6.68.jpg,14,27,5,11,16
r_000006_00_0Dct_0475_0273_-0.97.jpg,5,14,27,11,20
r_000010_00_2Wct_0539_0250_-33.08.jpg,5,10,25,14,11
r_000010_00_3Wct_0539_0250_-22.17.jpg,5,10,25,11,14
r_000010_00_4Wct_0539_0250_-29.65.jpg,5,10,25,7,11
r_000011_00_0Wct_0599_0209_-28.82.jpg,10,25,5,14,20
r_000021_01_3Tct_0302_0441_-1.34.jpg,14,16,26,15,1
r_000021_01_4Tct_0302_0441_-9.88.jpg,14,16,15,27,26
r_000022_01_0Tct_0376_0417_-11.17.jpg,14,26,16,5,20
r_000022_01_1Tct_0376_0417_-6.13.jpg,14,16,26,1,5
r_000022_01_2Tct_0376_0417_-15.72.jpg,14,16,26,5,1
r_000022_01_3Tct_0376_0417_-8.14.jpg,14,16,26,5,1
r_000022_01_4Tct_0376_0417_-13.16.jpg,14,26,16,5,20
r_000023_01_0Tct_0418_0397_-10.31.jpg,14,20,5,16,27
r_000023_01_1Tct_0418_0397_-4.25.jpg,14,20,5,26,27
r_000023_01_2Tct_0418_0397_-15.94.jpg,14,5,20,26,16
r_000023_01_3Tct_0418_0397_-8.98.jpg,14,20,5,26,16
r_000030_01_3Tct_0497_0417_-10.54.jpg,14,26,16,20,5
r_000030_01_4Tct_0497_0417_-17.96.jpg,14,16,26,5,20
r_000031_00_0Tct_0493_0420_-14.84.jpg,14,16,26,20,5
r_000031_00_1Tct_0493_0420_-8.64.jpg,14,16,26,5,27
r_000031_00_2Tct_0493_0420_-20.97.jpg,14,16,26,5,20
r_000010_00_0Wct_0472_0388_1.83.jpg,11,2,5,22,20
r_000024_00_0Wct_0762_0396_-9.85.jpg,11,23,25,20,2
r_000024_00_1Wct_0762_0396_-3.41.jpg,11,23,17,27,24
r_000024_00_2Wct_0762_0396_-15.77.jpg,11,23,25,20,2
r_000024_00_3Wct_0762_0396_-3.85.jpg,11,23,17,24,2
r_000024_00_4Wct_0762_0396_-12.05.jpg,11,25,20,23,27
r_000025_00_0Wct_0816_0375_-7.96.jpg,11,27,25,20,23
r_000025_00_2Wct_0816_0375_-12.54.jpg,11,20,27,23,25
r_000025_00_3Wct_0816_0375_-4.87.jpg,11,27,2,23,20
r_000025_00_4Wct_0816_0375_-10.71.jpg,11,27,20,25,23
r_000019_00_3Wct_0337_0207_14.26.jpg,11,25,5,20,3
r_000019_00_4Wct_0337_0207_10.75.jpg,11,25,5,20,13
r_000020_00_0Wct_0370_0201_12.61.jpg,11,25,5,20,13
r_000020_00_1Wct_0370_0201_16.84.jpg,11,25,5,20,15
r_000020_00_2Wct_0370_0201_8.21.jpg,11,25,5,20,13
r_000020_00_3Wct_0370_0201_19.38.jpg,11,25,5,12,20
r_000020_00_4Wct_0370_0201_6.43.jpg,11,25,5,20,13
r_000000_00_1Bct_0641_0170_34.05.jpg,26,20,6,2,1
r_000000_00_2Bct_0641_0170_24.86.jpg,26,20,6,1,22
r_000000_00_3Bct_0641_0170_36.0.jpg,26,20,6,9,1
r_000000_00_4Bct_0641_0170_27.74.jpg,26,20,6,9,1
r_000001_00_0Bct_0676_0191_28.76.jpg,26,20,24,9,6
r_000006_00_0Bct_0758_0292_33.86.jpg,26,20,5,9,12
r_000019_00_4Dct_0853_0290_33.47.jpg,26,9,20,2,12
r_000020_00_0Dct_0844_0290_38.39.jpg,26,20,9,16,2
r_000020_00_1Dct_0844_0290_45.02.jpg,26,20,9,14,16
r_000020_00_2Dct_0844_0290_32.44.jpg,26,9,20,5,16
r_000020_00_3Dct_0844_0290_43.31.jpg,26,20,9,14,2
r_000020_00_4Dct_0844_0290_32.68.jpg,26,9,20,5,2
r_000021_00_0Dct_0840_0285_36.27.jpg,26,20,9,14,6
r_000021_00_1Wct_0840_0285_42.21.jpg,26,20,14,9,5
r_000009_00_1Wct_0378_0145_4.46.jpg,25,11,20,13,3
r_000009_00_2Wct_0378_0145_-8.6.jpg,25,13,11,20,3
r_000009_00_3Wct_0378_0145_1.06.jpg,25,11,13,20,5
r_000009_00_4Wct_0378_0145_-7.91.jpg,25,13,11,20,3
r_000010_00_0Wct_0414_0137_-3.9.jpg,25,11,13,20,5
r_000010_00_1Wct_0414_0137_1.96.jpg,11,25,20,13,5
r_000000_00_4Dct_0578_0288_3.08.jpg,20,23,2,25,11
r_000004_00_0Wct_0776_0245_-9.34.jpg,2,20,9,22,24
r_000004_00_1Wct_0776_0245_-4.7.jpg,2,24,9,20,23
r_000004_00_2Wct_0776_0245_-15.64.jpg,2,9,20,1,24
r_000007_00_4Wct_0954_0240_-10.81.jpg,20,2,1,9,11
r_000007_00_1Wct_0412_0444_18.74.jpg,12,5,14,20,7
r_000007_00_2Wct_0412_0444_7.7.jpg,12,5,20,14,25
r_000007_00_3Wct_0412_0444_20.07.jpg,12,5,14,20,7
r_000007_00_4Wct_0412_0444_10.17.jpg,12,5,14,20,10
r_000000_00_3Wct_0236_0357_0.6.jpg,26,24,5,20,12
r_000003_00_4Dct_0431_0327_-10.62.jpg,16,24,26,27,6
r_000004_00_0Dct_0502_0307_-14.44.jpg,26,16,25,24,6
r_000004_00_1Dct_0502_0307_-10.25.jpg,26,16,27,20,5
r_000004_00_2Dct_0502_0307_-20.77.jpg,26,16,24,27,11
r_000019_00_3Wct_0623_0306_32.47.jpg,24,22,20,11,14
r_000019_00_4Wct_0623_0306_24.92.jpg,24,11,20,22,14
r_000020_00_0Wct_0673_0322_23.89.jpg,24,22,11,1,16
r_000020_00_1Wct_0673_0322_29.93.jpg,24,22,14,1,16
r_000024_00_2Wct_0886_0451_18.19.jpg,24,22,14,20,16
r_000000_00_0Wct_0280_0297_49.27.jpg,8,7,17,10,18
r_000000_00_1Wct_0280_0297_53.41.jpg,8,7,18,17,10
r_000000_00_2Wct_0280_0297_44.79.jpg,10,17,18,7,8
r_000000_00_3Wct_0280_0297_54.38.jpg,8,7,18,27,17
r_000004_01_4Wct_0281_0290_44.49.jpg,7,17,8,18,10
r_000005_00_0Wct_0281_0287_50.99.jpg,7,17,8,18,1
r_000005_00_1Wct_0281_0287_56.13.jpg,7,8,17,1,18
r_000005_00_2Wct_0281_0287_46.5.jpg,7,18,17,10,8
r_000005_00_3Wct_0281_0287_56.18.jpg,7,8,17,1,18
r_000005_00_4Wct_0281_0287_48.82.jpg,7,17,8,18,10
r_000006_00_0Wct_0290_0288_51.11.jpg,7,8,18,17,1
r_000020_00_3Bct_0381_0469_2.29.jpg,14,27,16,26,5
r_000020_00_4Bct_0381_0469_-9.14.jpg,14,26,27,16,5
r_000021_00_0Bct_0428_0450_-5.21.jpg,14,26,20,5,16
r_000021_00_1Bct_0428_0450_-1.03.jpg,14,26,20,5,16
r_000021_00_2Bct_0428_0450_-10.22.jpg,14,26,20,5,16
r_000021_00_3Bct_0428_0450_-0.74.jpg,14,20,26,5,16
r_000021_00_4Bct_0428_0450_-11.4.jpg,14,26,20,5,16
r_000014_00_0Wct_0310_0250_68.87.jpg,25,17,11,7,19
r_000014_00_1Wct_0310_0250_74.69.jpg,25,17,11,7,3
r_000014_00_2Wct_0310_0250_62.64.jpg,25,17,11,7,19
r_000014_00_3Wct_0310_0250_74.46.jpg,25,17,11,7,19
r_000014_00_4Wct_0310_0250_67.24.jpg,25,17,11,3,7
r_000015_00_0Wct_0307_0247_66.98.jpg,25,17,3,19,7
r_000015_00_1Wct_0307_0247_73.16.jpg,17,25,3,7,19
r_000002_00_1Wct_0948_0399_40.03.jpg,18,3,5,4,26
r_000002_00_2Wct_0948_0399_28.17.jpg,18,5,10,3,13
r_000002_00_3Wct_0948_0399_39.74.jpg,18,3,5,4,26
r_000002_00_4Wct_0948_0399_27.35.jpg,18,10,5,3,4
r_000003_00_0Wct_0946_0396_34.55.jpg,18,5,4,26,3
r_000010_00_4Wct_0954_0400_29.29.jpg,18,5,10,4,3
r_000011_00_0Wct_0960_0401_29.85.jpg,18,5,4,3,26
r_000011_00_1Wct_0960_0401_35.24.jpg,18,5,13,26,20
r_000011_00_2Wct_0960_0401_25.17.jpg,18,5,10,20,26
r_000011_00_3Wct_0960_0401_33.15.jpg,18,5,26,13,4
r_000011_00_4Wct_0960_0401_25.36.jpg,18,5,10,26,20
r_000012_00_0Wct_0957_0400_28.82.jpg,18,26,5,3,4
r_000012_00_1Wct_0957_0400_34.5.jpg,18,3,4,26,13
r_000012_00_0Dct_0514_0129_-0.17.jpg,26,24,5,27,14
r_000012_00_1Dct_0514_0129_3.88.jpg,26,24,20,5,27
r_000012_00_2Dct_0514_0129_-4.77.jpg,26,24,5,20,14
r_000012_00_3Dct_0514_0129_2.16.jpg,26,24,27,14,5
r_000012_00_4Dct_0514_0129_-5.29.jpg,26,24,5,20,14
r_000009_00_0Wct_0351_0184_-3.61.jpg,14,27,24,16,11
r_000009_00_1Wct_0351_0184_2.11.jpg,14,27,24,11,16
r_000009_00_2Wct_0351_0184_-9.14.jpg,14,27,16,5,24
r_000009_00_3Wct_0351_0184_-0.14.jpg,14,27,24,16,11
r_000009_00_4Wct_0351_0184_-7.31.jpg,14,27,24,16,5
r_000010_00_0Wct_0405_0191_-3.32.jpg,14,16,27,11,1
r_000006_00_4Wct_0924_0214_-2.03.jpg,24,14,20,5,26
r_000007_00_0Wct_0960_0193_0.86.jpg,24,5,26,20,12
r_000007_00_1Wct_0960_0193_7.36.jpg,24,14,10,5,9
r_000007_00_2Wct_0960_0193_-4.91.jpg,24,26,14,10,5
r_000007_00_3Wct_0960_0193_6.72.jpg,24,17,20,10,14
r_000003_00_2Bct_0647_0237_-18.29.jpg,14,27,1,7,15
r_000003_00_3Bct_0647_0237_-8.03.jpg,14,27,1,15,11
r_000003_00_4Bct_0647_0237_-16.08.jpg,14,27,1,15,11
r_000004_00_0Bct_0706_0208_-16.84.jpg,14,27,11,15,7
r_000002_00_4Wct_0605_0196_-25.56.jpg,12,24,3,1,20
r_000004_00_2Wct_0655_0195_-25.17.jpg,12,3,1,4,10
r_000004_00_3Wct_0655_0195_-18.96.jpg,12,3,1,4,10
r_000004_00_4Wct_0655_0195_-26.26.jpg,12,10,3,4,1
r_000005_00_0Wct_0671_0195_-17.82.jpg,12,3,4,22,1
r_000005_00_1Wct_0671_0195_-11.34.jpg,12,3,10,20,4
r_000005_00_2Wct_0671_0195_-23.03.jpg,12,20,3,1,4
r_000005_00_3Wct_0671_0195_-16.08.jpg,12,3,1,4,22
r_000005_00_4Wct_0671_0195_-22.22.jpg,12,20,1,4,3
r_000006_00_0Wct_0683_0184_-13.46.jpg,12,3,4,22,20
r_000011_00_3Wct_0726_0146_-2.54.jpg,12,10,13,2,9
r_000011_00_4Wct_0726_0146_-13.06.jpg,12,13,20,18,10
r_000012_00_0Wct_0727_0146_-8.94.jpg,12,13,20,10,4
r_000003_00_0Dct_0482_0468_7.16.jpg,24,14,11,12,5
r_000003_00_1Dct_0482_0468_11.6.jpg,24,14,11,5,12
r_000003_00_2Dct_0482_0468_0.53.jpg,24,14,12,11,5
r_000003_00_3Dct_0482_0468_10.8.jpg,24,14,11,5,16
r_000009_00_0Wct_1047_0504_5.21.jpg,14,24,5,20,11
r_000003_00_1Wct_0585_0324_40.41.jpg,27,11,12,20,22
r_000004_00_4Wct_0630_0341_27.14.jpg,27,11,2,17,20
r_000005_00_0Wct_0686_0352_25.95.jpg,27,11,26,2,20
r_000005_00_1Wct_0686_0352_30.56.jpg,27,11,2,26,17
r_000005_00_2Wct_0686_0352_20.71.jpg,11,26,20,27,3
r_000005_00_3Wct_0686_0352_29.29.jpg,27,11,26,20,2
r_000020_00_2Bct_0430_0260_-8.3.jpg,14,5,16,27,26
r_000020_00_3Bct_0430_0260_-1.59.jpg,14,5,27,20,16
r_000020_00_4Bct_0430_0260_-6.58.jpg,14,5,27,20,16
r_000021_00_0Bct_0511_0261_-1.09.jpg,14,27,20,5,26
r_000021_00_1Bct_0511_0261_3.92.jpg,14,27,20,5,11
r_000021_00_2Bct_0511_0261_-7.6.jpg,14,27,20,5,11
r_000018_00_4Wct_0422_0235_-18.86.jpg,14,16,11,7,1
r_000019_00_0Wct_0462_0205_-18.62.jpg,16,14,1,7,11
r_000019_00_1Wct_0462_0205_-14.09.jpg,16,14,1,11,7
r_000019_00_3Wct_0462_0205_-16.0.jpg,14,16,1,7,11
r_000019_00_4Wct_0462_0205_-25.46.jpg,16,14,1,7,11
r_000020_00_0Dct_0531_0180_-16.39.jpg,16,1,7,14,11
r_000002_00_4Bct_0450_0242_21.96.jpg,26,16,14,24,20
r_000003_00_0Bct_0457_0239_27.79.jpg,26,14,20,5,9
r_000003_00_1Bct_0457_0239_34.11.jpg,26,16,14,24,5
r_000003_00_2Bct_0457_0239_22.08.jpg,26,14,20,16,9
r_000003_00_3Bct_0457_0239_34.59.jpg,26,16,14,24,5
r_000003_00_4Bct_0457_0239_26.26.jpg,26,14,20,5,16
r_000004_01_0Bct_0457_0242_26.87.jpg,26,16,14,20,5
r_000024_00_0Bct_0446_0232_24.64.jpg,26,14,6,9,24
r_000024_00_1Bct_0446_0232_31.02.jpg,26,14,16,9,24
r_000024_00_2Bct_0446_0232_18.31.jpg,26,14,16,24,9
r_000024_00_3Bct_0446_0232_26.38.jpg,26,14,16,24,6
r_000024_00_4Bct_0446_0232_22.88.jpg,26,14,6,24,16
r_000025_00_0Bct_0420_0228_27.56.jpg,26,14,10,16,18
r_000025_00_1Bct_0420_0228_34.06.jpg,26,14,10,24,16
r_000010_00_3Wct_0731_0436_13.49.jpg,25,21,7,8,11
r_000010_00_4Wct_0731_0436_10.65.jpg,25,8,11,7,21
r_000011_00_0Wct_0782_0437_10.89.jpg,25,8,1,17,15
r_000011_00_1Wct_0782_0437_15.36.jpg,25,1,8,21,7
r_000011_00_2Wct_0782_0437_6.43.jpg,25,11,7,21,8
r_000011_00_3Wct_0782_0437_14.67.jpg,25,1,8,21,7
r_000011_00_4Wct_0782_0437_6.84.jpg,25,21,8,11,7
r_000012_00_0Wct_0830_0443_9.51.jpg,25,8,21,17,7
r_000002_00_3Bct_0804_0284_20.67.jpg,26,9,6,4,2
r_000002_00_4Bct_0804_0284_14.24.jpg,6,26,9,4,0
r_000003_00_0Bct_0846_0299_10.08.jpg,6,9,26,2,13
r_000003_00_1Bct_0846_0299_16.11.jpg,6,26,9,21,0
r_000003_00_2Bct_0846_0299_4.94.jpg,6,9,2,4,21
r_000003_00_3Bct_0846_0299_13.18.jpg,6,26,9,21,2
r_000007_00_1Bct_0431_0276_52.28.jpg,20,26,5,9,6
r_000007_00_2Bct_0431_0276_40.38.jpg,26,9,6,20,2
r_000007_00_3Bct_0431_0276_52.86.jpg,20,26,5,9,2
r_000007_00_4Bct_0431_0276_43.42.jpg,26,6,20,9,22
r_000008_00_0Bct_0436_0286_44.06.jpg,20,22,9,2,26
r_000015_00_4Bct_0451_0313_39.18.jpg,20,22,12,6,26
r_000016_00_0Bct_0449_0316_44.12.jpg,20,22,12,6,26
r_000016_00_1Bct_0449_0316_50.9.jpg,20,22,12,6,5
r_000016_00_2Bct_0449_0316_39.06.jpg,26,22,20,12,9
r_000016_00_3Bct_0449_0316_49.77.jpg,20,22,12,6,2
r_000016_00_4Bct_0449_0316_41.52.jpg,22,12,20,5,26
r_000017_00_0Bct_0444_0304_42.0.jpg,20,5,2,22,9
r_000002_00_4Wct_0355_0439_-7.12.jpg,3,25,17,19,15
r_000003_00_0Wct_0420_0432_-9.91.jpg,25,3,17,8,11
r_000003_00_1Wct_0420_0432_-5.27.jpg,3,25,17,19,11
r_000003_00_2Wct_0420_0432_-16.2.jpg,25,3,17,19,8
r_000003_00_3Wct_0420_0432_-6.42.jpg,3,25,17,11,19
r_000014_00_2Wct_0963_0271_-27.7.jpg,25,11,3,17,7
r_000014_00_3Wct_0963_0271_-19.5.jpg,3,25,11,17,15
r_000014_00_4Wct_0963_0271_-25.99.jpg,25,11,3,17,7
r_000015_00_0Wct_1008_0251_-22.35.jpg,3,18,25,17,11
00000000.jpeg,13,10,21,25,11
00000001.jpeg,13,25,19,0,4
00000002.jpeg,13,25,18,27,21
00000003.jpeg,13,26,21,7,25
00000004.jpeg,13,10,27,20,26
00000005.jpeg,25,19,11,7,13
00000006.jpeg,13,26,21,25,18
00000007.jpeg,13,18,10,21,20
00000008.jpeg,13,10,18,21,20
00000009.jpeg,13,26,25,21,18
00000010.jpeg,13,4,18,15,26
00000011.jpeg,13,26,15,6,20
00000012.jpeg,13,12,15,21,26
00000013.jpeg,13,26,18,4,2
00000014.jpeg,13,26,3,15,20
00000015.jpeg,13,15,26,21,25
00000016.jpeg,13,4,18,15,26
00000017.jpeg,26,16,13,15,18
00000018.jpeg,26,18,4,15,10
00000019.jpeg,26,18,13,21,15
00000020.jpeg,26,19,18,0,21
00000021.jpeg,18,19,13,21,0
00000022.jpeg,13,25,19,20,18
00000023.jpeg,25,13,19,18,21
00000024.jpeg,0,13,19,20,18
00000025.jpeg,19,13,0,25,18
00000026.jpeg,18,13,19,0,25
00000027.jpeg,13,19,18,0,25
00000028.jpeg,19,0,13,25,26
00000029.jpeg,19,0,13,25,26
00000030.jpeg,13,18,21,4,25
00000031.jpeg,13,25,21,19,18
00000032.jpeg,13,4,3,21,18
00000033.jpeg,13,18,10,21,25
00000034.jpeg,13,25,21,10,18
00000035.jpeg,25,13,11,10,6
00000036.jpeg,13,18,10,25,21
00000037.jpeg,13,4,21,3,26
00000038.jpeg,13,25,21,10,18
00000039.jpeg,13,18,10,11,0
00000040.jpeg,21,10,9,18,13
00000041.jpeg,26,7,18,13,10
00000042.jpeg,10,18,26,4,21
00000043.jpeg,10,18,7,13,14
00000044.jpeg,10,18,21,13,26
00000045.jpeg,10,26,18,4,5
00000046.jpeg,10,12,21,26,5
00000047.jpeg,26,21,18,4,5
00000048.jpeg,18,10,5,26,19
00000049.jpeg,4,18,10,26,21
00000050.jpeg,13,11,20,12,21
00000051.jpeg,13,26,12,10,20
00000052.jpeg,13,12,11,20,21
00000053.jpeg,13,26,10,12,27
00000054.jpeg,13,11,25,20,3
00000055.jpeg,13,26,12,21,18
00000056.jpeg,13,21,27,18,20
00000057.jpeg,26,27,10,4,13
00000058.jpeg,13,21,26,20,18
00000059.jpeg,13,6,23,25,18
00000060.jpeg,16,26,27,0,4
00000061.jpeg,16,26,6,20,27
00000062.jpeg,16,26,11,27,6
00000063.jpeg,26,16,6,20,11
00000064.jpeg,26,20,27,2,24
00000065.jpeg,26,16,13,20,6
00000066.jpeg,27,16,26,11,20
00000067.jpeg,13,26,16,27,6
00000068.jpeg,26,16,20,27,14
00000069.jpeg,26,16,6,13,11
00000070.jpeg,6,22,9,13,4
00000071.jpeg,6,22,16,26,13
00000072.jpeg,6,22,13,16,4
00000073.jpeg,6,26,16,4,20
00000074.jpeg,6,22,26,16,13
00000075.jpeg,6,22,26,13,16
00000076.jpeg,6,22,1,13,26
00000077.jpeg,6,26,22,16,20
00000078.jpeg,6,22,16,13,12
00000079.jpeg,6,22,16,26,1
00000080.jpeg,4,26,13,25,21
00000081.jpeg,4,13,26,15,9
00000082.jpeg,26,13,16,18,4
00000083.jpeg,26,13,4,21,25
00000084.jpeg,26,13,4,25,21
00000085.jpeg,26,13,25,4,21
00000086.jpeg,26,4,16,0,9
00000087.jpeg,26,21,4,13,25
00000088.jpeg,13,26,4,25,21
00000089.jpeg,4,13,26,25,10
00000090.jpeg,6,26,16,4,18
00000091.jpeg,6,26,16,13,4
00000092.jpeg,6,26,13,20,18
00000093.jpeg,6,16,26,4,13
00000094.jpeg,6,26,16,20,4
00000095.jpeg,6,26,16,20,13
00000096.jpeg,21,13,16,4,12
00000097.jpeg,6,26,16,13,4
00000098.jpeg,6,16,26,4,13
00000099.jpeg,6,20,13,27,18
00000100.jpeg,27,1,20,13,15
00000101.jpeg,27,20,15,11,26
00000102.jpeg,27,10,20,1,26
00000103.jpeg,15,27,20,1,13
00000104.jpeg,27,20,1,10,12
00000105.jpeg,1,16,27,26,12
00000106.jpeg,27,20,1,11,13
00000107.jpeg,27,10,20,26,12
00000108.jpeg,27,15,1,20,14
00000109.jpeg,27,24,1,11,20
00000110.jpeg,13,6,20,22,1
00000111.jpeg,13,6,20,4,26
00000112.jpeg,13,26,6,21,16
00000113.jpeg,13,6,26,4,18
00000114.jpeg,6,27,13,11,20
00000115.jpeg,13,27,6,20,21
00000116.jpeg,13,26,6,20,4
00000117.jpeg,13,6,20,26,11
00000118.jpeg,13,6,18,26,9
00000119.jpeg,27,13,20,6,11
00000120.jpeg,27,15,4,13,18
00000121.jpeg,13,14,15,27,4
00000122.jpeg,13,4,15,21,18
00000123.jpeg,13,18,26,21,15
00000124.jpeg,13,15,26,21,18
00000125.jpeg,13,4,27,18,3
00000126.jpeg,13,18,4,26,10
00000127.jpeg,4,13,18,3,27
00000128.jpeg,13,15,21,4,18
00000129.jpeg,4,18,13,15,3
00000130.jpeg,4,13,21,3,11
00000131.jpeg,4,25,3,13,26
00000132.jpeg,4,13,3,21,11
00000133.jpeg,4,13,3,21,10
00000134.jpeg,4,3,21,19,13
00000135.jpeg,11,13,25,4,0
00000136.jpeg,13,4,25,11,21
00000137.jpeg,4,13,19,23,25
00000138.jpeg,4,13,21,19,23
00000139.jpeg,11,4,23,13,0
00000140.jpeg,21,4,25,19,13
00000141.jpeg,4,13,10,21,3
00000142.jpeg,4,21,13,10,11
00000143.jpeg,4,21,25,26,11
00000144.jpeg,4,13,21,10,25
00000145.jpeg,4,21,11,25,16
00000146.jpeg,4,10,21,3,13
00000147.jpeg,21,4,13,25,19
00000148.jpeg,4,21,13,25,10
00000149.jpeg,4,21,13,10,25
00000150.jpeg,10,18,12,20,13
00000151.jpeg,10,20,5,4,27
00000152.jpeg,10,26,5,12,4
00000153.jpeg,26,10,18,5,16
00000154.jpeg,10,18,26,12,20
00000155.jpeg,10,4,27,11,20
00000156.jpeg,18,10,12,26,4
00000157.jpeg,10,12,18,26,16
00000158.jpeg,18,10,12,20,5
00000159.jpeg,26,10,18,5,16
00000160.jpeg,13,27,20,10,11
00000161.jpeg,27,20,4,13,5
00000162.jpeg,13,4,20,27,5
00000163.jpeg,27,4,13,20,16
00000164.jpeg,13,20,4,10,27
00000165.jpeg,13,4,10,27,20
00000166.jpeg,27,4,10,13,20
00000167.jpeg,13,20,4,23,11
00000168.jpeg,13,20,11,4,27
00000169.jpeg,27,13,4,20,10
00000170.jpeg,16,27,4,26,15
00000171.jpeg,16,26,15,7,27
00000172.jpeg,26,16,27,4,15
00000173.jpeg,27,26,16,6,13
00000174.jpeg,16,6,27,26,11
00000175.jpeg,16,27,4,26,15
00000176.jpeg,27,26,15,16,4
00000177.jpeg,16,27,4,6,26
00000178.jpeg,16,27,26,4,15
00000179.jpeg,16,27,6,26,4
00000180.jpeg,12,21,18,1,10
00000181.jpeg,12,19,21,18,10
00000182.jpeg,12,21,10,18,19
00000183.jpeg,12,10,21,23,4
00000184.jpeg,19,12,21,10,18
00000185.jpeg,12,10,21,19,23
00000186.jpeg,12,21,19,25,10
00000187.jpeg,12,21,10,18,19
00000188.jpeg,12,19,21,10,25
00000189.jpeg,12,19,21,10,18
00000190.jpeg,27,26,18,4,14
00000191.jpeg,11,13,4,5,27
00000192.jpeg,16,4,18,13,21
00000193.jpeg,16,27,6,14,15
00000194.jpeg,9,6,18,4,15
00000195.jpeg,16,26,21,7,18
00000196.jpeg,27,24,11,1,14
00000197.jpeg,16,26,14,27,11
00000198.jpeg,24,18,27,9,11
00000199.jpeg,13,18,12,4,10
00000200.jpeg,4,13,26,20,23
00000201.jpeg,10,4,13,15,3
00000202.jpeg,26,10,4,15,13
00000203.jpeg,13,10,4,22,2
00000204.jpeg,4,13,10,25,23
00000205.jpeg,4,10,13,15,3
00000206.jpeg,13,4,10,20,26
00000207.jpeg,15,4,13,10,18
00000208.jpeg,4,10,15,3,13
00000209.jpeg,4,15,13,10,26
